Species,Checklists,Hotspots,eBirders,FIPS,State,County
104,153,6,197,1001,AL,Autauga
243,2256,97,2763,1003,AL,Baldwin
147,179,16,556,1005,AL,Barbour
93,93,9,188,1007,AL,Bibb
52,16,4,165,1009,AL,Blount
98,97,2,161,1011,AL,Bullock
53,12,3,208,1013,AL,Butler
126,310,17,270,1015,AL,Calhoun
91,35,11,225,1017,AL,Chambers
73,66,6,180,1019,AL,Cherokee
108,55,10,197,1021,AL,Chilton
71,12,4,57,1023,AL,Choctaw
68,25,6,95,1025,AL,Clarke
77,43,7,76,1027,AL,Clay
56,29,13,355,1029,AL,Cleburne
57,26,8,109,1031,AL,Coffee
136,252,23,332,1033,AL,Colbert
70,26,7,187,1035,AL,Conecuh
60,19,4,94,1037,AL,Coosa
115,61,10,245,1039,AL,Covington
77,15,5,67,1041,AL,Crenshaw
69,61,6,263,1043,AL,Cullman
77,58,3,143,1045,AL,Dale
62,18,7,121,1047,AL,Dallas
63,30,8,379,1049,AL,DeKalb
124,174,15,304,1051,AL,Elmore
79,16,5,248,1053,AL,Escambia
85,77,3,278,1055,AL,Etowah
12,1,4,39,1057,AL,Fayette
59,71,9,56,1059,AL,Franklin
126,124,5,116,1061,AL,Geneva
51,14,5,200,1063,AL,Greene
108,69,11,216,1065,AL,Hale
82,15,4,108,1067,AL,Henry
101,323,10,255,1069,AL,Houston
117,65,17,349,1071,AL,Jackson
144,2042,58,1533,1073,AL,Jefferson
22,4,3,34,1075,AL,Lamar
145,439,24,382,1077,AL,Lauderdale
139,75,17,262,1079,AL,Lawrence
145,898,20,940,1081,AL,Lee
157,478,21,819,1083,AL,Limestone
55,18,5,204,1085,AL,Lowndes
100,118,5,300,1087,AL,Macon
164,1294,33,1216,1089,AL,Madison
80,135,6,108,1091,AL,Marengo
67,31,6,102,1093,AL,Marion
119,238,23,482,1095,AL,Marshall
223,1312,70,2679,1097,AL,Mobile
27,10,7,73,1099,AL,Monroe
131,578,24,688,1101,AL,Montgomery
139,441,20,1157,1103,AL,Morgan
106,64,4,180,1105,AL,Perry
46,7,3,85,1107,AL,Pickens
73,19,7,130,1109,AL,Pike
18,4,8,70,1111,AL,Randolph
75,25,5,208,1113,AL,Russell
93,54,7,419,1115,AL,St. Clair
139,1015,25,829,1117,AL,Shelby
76,13,5,224,1119,AL,Sumter
116,85,4,213,1121,AL,Talladega
74,33,11,195,1123,AL,Tallapoosa
151,862,25,606,1125,AL,Tuscaloosa
69,28,3,163,1127,AL,Walker
73,13,3,84,1129,AL,Washington
61,19,7,70,1131,AL,Wilcox
50,24,7,161,1133,AL,Winston
37,14,29,199,2013,AK,Aleutians East Borough
30,8,170,1126,2016,AK,Aleutians West Census Area
72,2177,170,4790,2020,AK,Anchorage Municipality
11,7,16,228,2050,AK,Bethel Census Area
18,17,8,83,2060,AK,Bristol Bay Borough
20,14,58,2853,2068,AK,Denali Borough
5,2,6,104,2070,AK,Dillingham Census Area
39,607,57,1542,2090,AK,Fairbanks North Star Borough
22,12,62,612,2100,AK,Haines Borough
0,0,-999,0,2105,AK,"Hoonah-Angoon Census Area, AK"
104,833,105,1930,2110,AK,Juneau City and Borough
126,1372,259,4398,2122,AK,Kenai Peninsula Borough
92,126,83,1048,2130,AK,Ketchikan Gateway Borough
104,402,106,572,2150,AK,Kodiak Island Borough
0,0,31,258,2164,AK,Lake and Peninsula Borough
53,398,121,2524,2170,AK,Matanuska-Susitna Borough
23,20,82,1504,2180,AK,Nome Census Area
3,0,72,1154,2185,AK,North Slope Borough
2,1,16,201,2188,AK,Northwest Arctic Borough
0,0,-999,0,2195,AK,Petersburg Census area
0,0,-999,0,2198,AK,Price of Wales Hyder Census Area
93,500,118,694,2220,AK,Sitka City and Borough
0,0,-999,0,2230,AK,Skagway Municipality
15,10,42,600,2240,AK,Southeast Fairbanks Census Area
85,112,154,1902,2261,AK,Valdez-Cordova Census Area
1,1,9,79,2270,AK,Wade Hampton Census Area
0,0,-999,0,2275,AK,Wrangell City and Borough
0,0,14,216,2282,AK,Yakutat City and Borough
22,22,35,610,2290,AK,Yukon-Koyukuk Census Area
116,312,107,1997,4001,AZ,Apache
283,6536,215,11021,4003,AZ,Cochise
202,2984,245,9077,4005,AZ,Coconino
190,480,119,1705,4007,AZ,Gila
180,536,62,854,4009,AZ,Graham
96,112,31,344,4011,AZ,Greenlee
190,490,43,1547,4012,AZ,La Paz
286,12978,313,12119,4013,AZ,Maricopa
200,627,79,2559,4015,AZ,Mohave
156,1045,96,1623,4017,AZ,Navajo
280,21052,379,15049,4019,AZ,Pima
228,2665,82,5503,4021,AZ,Pinal
259,6839,133,11265,4023,AZ,Santa Cruz
226,3058,172,5153,4025,AZ,Yavapai
188,863,61,1563,4027,AZ,Yuma
104,63,42,305,5001,AR,Arkansas
49,10,26,119,5003,AR,Ashley
121,362,23,264,5005,AR,Baxter
150,1048,103,1150,5007,AR,Benton
79,69,14,212,5009,AR,Boone
52,13,4,70,5011,AR,Bradley
37,5,4,46,5013,AR,Calhoun
87,189,15,370,5015,AR,Carroll
45,7,38,216,5017,AR,Chicot
96,64,22,323,5019,AR,Clark
55,30,16,101,5021,AR,Clay
105,188,21,307,5023,AR,Cleburne
43,7,6,49,5025,AR,Cleveland
100,171,8,207,5027,AR,Columbia
99,98,35,393,5029,AR,Conway
103,130,22,366,5031,AR,Craighead
130,171,26,450,5033,AR,Crawford
121,89,36,857,5035,AR,Crittenden
37,9,10,182,5037,AR,Cross
25,9,-999,33,5039,AR,Dallas
156,23,46,255,5041,AR,Desha
72,53,9,153,5043,AR,Drew
142,592,40,607,5045,AR,Faulkner
82,39,20,346,5047,AR,Franklin
81,140,5,148,5049,AR,Fulton
111,520,39,748,5051,AR,Garland
50,10,5,65,5053,AR,Grant
90,46,11,202,5055,AR,Greene
69,16,20,351,5057,AR,Hempstead
78,24,14,321,5059,AR,Hot Spring
30,2,12,121,5061,AR,Howard
81,56,10,108,5063,AR,Independence
70,33,2,83,5065,AR,Izard
61,14,5,146,5067,AR,Jackson
131,418,44,280,5069,AR,Jefferson
115,48,28,244,5071,AR,Johnson
57,7,21,92,5073,AR,Lafayette
91,57,7,161,5075,AR,Lawrence
43,14,13,112,5077,AR,Lee
55,6,3,83,5079,AR,Lincoln
56,8,13,213,5081,AR,Little River
81,16,34,288,5083,AR,Logan
109,129,25,501,5085,AR,Lonoke
73,23,13,183,5087,AR,Madison
72,101,20,201,5089,AR,Marion
102,48,24,429,5091,AR,Miller
101,37,30,405,5093,AR,Mississippi
113,48,22,454,5095,AR,Monroe
40,11,22,162,5097,AR,Montgomery
49,10,5,140,5099,AR,Nevada
81,67,37,349,5101,AR,Newton
63,22,10,68,5103,AR,Ouachita
74,27,18,155,5105,AR,Perry
71,18,35,137,5107,AR,Phillips
28,6,12,145,5109,AR,Pike
83,33,18,208,5111,AR,Poinsett
34,7,20,182,5113,AR,Polk
143,288,50,711,5115,AR,Pope
92,51,20,464,5117,AR,Prairie
152,1831,139,1583,5119,AR,Pulaski
113,152,5,105,5121,AR,Randolph
51,16,9,456,5123,AR,St. Francis
127,623,27,451,5125,AR,Saline
124,292,15,229,5127,AR,Scott
51,33,20,193,5129,AR,Searcy
93,96,33,359,5131,AR,Sebastian
84,7,8,132,5133,AR,Sevier
100,191,6,102,5135,AR,Sharp
88,144,20,155,5137,AR,Stone
66,44,22,146,5139,AR,Union
48,10,11,125,5141,AR,Van Buren
141,1063,67,958,5143,AR,Washington
139,450,27,457,5145,AR,White
43,8,9,147,5147,AR,Woodruff
138,77,26,313,5149,AR,Yell
247,7150,351,7349,6001,CA,Alameda
99,106,89,1157,6003,CA,Alpine
168,278,77,764,6005,CA,Amador
217,2040,244,1838,6007,CA,Butte
157,363,69,987,6009,CA,Calaveras
180,383,79,2388,6011,CA,Colusa
238,5967,327,5316,6013,CA,Contra Costa
189,393,120,2235,6015,CA,Del Norte
194,963,162,2918,6017,CA,El Dorado
208,1499,222,2890,6019,CA,Fresno
179,410,47,2444,6021,CA,Glenn
250,3282,513,4687,6023,CA,Humboldt
209,885,170,5371,6025,CA,Imperial
206,1864,216,3203,6027,CA,Inyo
230,2346,386,4447,6029,CA,Kern
146,161,46,737,6031,CA,Kings
159,560,83,1043,6033,CA,Lake
167,407,111,1316,6035,CA,Lassen
345,20027,1649,13796,6037,CA,Los Angeles
197,1128,100,1489,6039,CA,Madera
265,7471,285,8713,6041,CA,Marin
158,477,143,4177,6043,CA,Mariposa
224,1648,283,2901,6045,CA,Mendocino
191,910,120,2667,6047,CA,Merced
133,64,114,1205,6049,CA,Modoc
150,561,230,3481,6051,CA,Mono
276,5086,377,9531,6053,CA,Monterey
203,1142,123,2151,6055,CA,Napa
176,1176,143,1995,6057,CA,Nevada
297,12011,527,9031,6059,CA,Orange
203,2190,176,2729,6061,CA,Placer
183,1072,231,1632,6063,CA,Plumas
277,5533,375,8512,6065,CA,Riverside
212,6692,305,5450,6067,CA,Sacramento
191,1225,182,3449,6069,CA,San Benito
250,3681,473,7295,6071,CA,San Bernardino
351,18849,1093,13322,6073,CA,San Diego
228,5420,329,8549,6075,CA,San Francisco
196,1881,166,2652,6077,CA,San Joaquin
262,6285,270,5698,6079,CA,San Luis Obispo
237,7029,339,7182,6081,CA,San Mateo
288,4649,435,6362,6083,CA,Santa Barbara
236,10299,466,7003,6085,CA,Santa Clara
242,6313,311,5679,6087,CA,Santa Cruz
193,1704,163,2665,6089,CA,Shasta
134,151,96,1284,6091,CA,Sierra
176,1147,163,2969,6093,CA,Siskiyou
206,1259,148,3215,6095,CA,Solano
253,4971,270,5718,6097,CA,Sonoma
186,1631,174,2041,6099,CA,Stanislaus
165,354,53,1050,6101,CA,Sutter
190,804,102,1383,6103,CA,Tehama
123,106,90,803,6105,CA,Trinity
213,1191,187,2796,6107,CA,Tulare
171,707,141,2386,6109,CA,Tuolumne
304,5212,403,6217,6111,CA,Ventura
221,3247,205,4133,6113,CA,Yolo
190,520,74,779,6115,CA,Yuba
134,2333,88,4560,8001,CO,Adams
82,132,22,1493,8003,CO,Alamosa
151,5104,115,3334,8005,CO,Arapahoe
113,398,29,868,8007,CO,Archuleta
97,67,24,1007,8009,CO,Baca
136,196,24,1011,8011,CO,Bent
173,7448,262,5569,8013,CO,Boulder
102,508,28,794,8014,CO,Broomfield
119,643,40,1816,8015,CO,Chaffee
43,78,6,453,8017,CO,Cheyenne
43,180,48,2255,8019,CO,Clear Creek
55,38,14,435,8021,CO,Conejos
46,28,7,431,8023,CO,Costilla
93,83,9,525,8025,CO,Crowley
47,31,17,496,8027,CO,Custer
122,292,35,1024,8029,CO,Delta
131,3396,85,4502,8031,CO,Denver
66,144,18,341,8033,CO,Dolores
139,3040,75,2830,8035,CO,Douglas
95,504,52,1560,8037,CO,Eagle
59,139,14,544,8039,CO,Elbert
177,4786,147,4458,8041,CO,El Paso
129,566,43,1447,8043,CO,Fremont
111,488,44,1532,8045,CO,Garfield
33,86,29,737,8047,CO,Gilpin
57,129,57,2643,8049,CO,Grand
77,104,68,2258,8051,CO,Gunnison
14,6,15,391,8053,CO,Hinsdale
96,72,14,863,8055,CO,Huerfano
68,139,41,1894,8057,CO,Jackson
167,8199,212,6008,8059,CO,Jefferson
115,130,24,754,8061,CO,Kiowa
83,118,14,743,8063,CO,Kit Carson
42,84,17,724,8065,CO,Lake
124,693,47,1467,8067,CO,La Plata
175,5764,301,8184,8069,CO,Larimer
97,63,24,929,8071,CO,Las Animas
69,81,17,943,8073,CO,Lincoln
120,124,32,942,8075,CO,Logan
167,1987,134,2528,8077,CO,Mesa
11,3,13,538,8079,CO,Mineral
72,156,48,1015,8081,CO,Moffat
141,770,67,1925,8083,CO,Montezuma
127,874,67,1839,8085,CO,Montrose
114,324,30,1076,8087,CO,Morgan
139,284,26,1000,8089,CO,Otero
88,210,28,1197,8091,CO,Ouray
73,117,51,1428,8093,CO,Park
51,21,10,253,8095,CO,Phillips
83,659,46,956,8097,CO,Pitkin
128,467,21,1026,8099,CO,Prowers
168,1305,76,2167,8101,CO,Pueblo
71,30,16,549,8103,CO,Rio Blanco
97,320,15,1162,8105,CO,Rio Grande
79,336,44,1787,8107,CO,Routt
98,124,21,940,8109,CO,Saguache
26,42,11,521,8111,CO,San Juan
84,254,20,674,8113,CO,San Miguel
71,28,13,523,8115,CO,Sedgwick
70,396,58,2573,8117,CO,Summit
81,602,37,1219,8119,CO,Teller
85,105,12,762,8121,CO,Washington
146,2059,130,4539,8123,CO,Weld
72,51,30,1095,8125,CO,Yuma
175,7160,338,4646,9001,CT,Fairfield
128,5178,260,3258,9003,CT,Hartford
129,3257,302,2154,9005,CT,Litchfield
151,1704,104,1893,9007,CT,Middlesex
171,6373,307,4600,9009,CT,New Haven
163,3806,219,2981,9011,CT,New London
120,1664,116,1620,9013,CT,Tolland
100,645,49,1028,9015,CT,Windham
178,2208,86,4952,10001,DE,Kent
154,3248,135,3703,10003,DE,New Castle
205,5356,146,5300,10005,DE,Sussex
146,5267,121,5736,11001,DC,District of Columbia
215,5709,179,3920,12001,FL,Alachua
82,72,16,472,12003,FL,Baker
205,1125,70,1235,12005,FL,Bay
110,165,7,291,12007,FL,Bradford
258,7555,246,9103,12009,FL,Brevard
212,2562,193,6030,12011,FL,Broward
91,61,22,202,12013,FL,Calhoun
214,2740,67,3066,12015,FL,Charlotte
186,1190,60,1736,12017,FL,Citrus
158,1262,49,855,12019,FL,Clay
239,4784,149,8540,12021,FL,Collier
145,199,20,917,12023,FL,Columbia
112,149,21,667,12027,FL,DeSoto
151,101,27,448,12029,FL,Dixie
213,4119,183,3674,12031,FL,Duval
209,1005,48,1992,12033,FL,Escambia
161,473,32,1285,12035,FL,Flagler
205,945,90,1649,12037,FL,Franklin
118,283,25,449,12039,FL,Gadsden
97,117,17,332,12041,FL,Gilchrist
137,565,19,1068,12043,FL,Glades
148,193,25,693,12045,FL,Gulf
93,79,20,484,12047,FL,Hamilton
117,83,12,444,12049,FL,Hardee
153,428,25,1891,12051,FL,Hendry
193,1586,44,1572,12053,FL,Hernando
173,715,44,1793,12055,FL,Highlands
223,4358,175,4806,12057,FL,Hillsborough
91,57,19,287,12059,FL,Holmes
218,2908,56,2480,12061,FL,Indian River
150,188,32,637,12063,FL,Jackson
141,372,37,576,12065,FL,Jefferson
105,65,17,222,12067,FL,Lafayette
193,2520,280,3096,12069,FL,Lake
250,7141,203,9278,12071,FL,Lee
184,3422,197,2115,12073,FL,Leon
185,738,52,1504,12075,FL,Levy
116,118,15,467,12077,FL,Liberty
136,207,28,366,12079,FL,Madison
232,3568,106,3153,12081,FL,Manatee
205,2102,74,2742,12083,FL,Marion
199,904,78,2361,12085,FL,Martin
261,5432,300,10402,12086,FL,Miami-Dade
227,3295,186,9137,12087,FL,Monroe
179,533,33,1868,12089,FL,Nassau
176,628,56,1379,12091,FL,Okaloosa
168,472,28,1572,12093,FL,Okeechobee
209,5233,269,8870,12095,FL,Orange
183,1369,77,4346,12097,FL,Osceola
244,4274,193,7369,12099,FL,Palm Beach
206,1417,120,2094,12101,FL,Pasco
243,7941,221,7890,12103,FL,Pinellas
200,2925,121,3973,12105,FL,Polk
134,294,28,666,12107,FL,Putnam
219,2508,116,3608,12109,FL,St. Johns
189,1046,80,1730,12111,FL,St. Lucie
202,703,42,1263,12113,FL,Santa Rosa
231,6444,171,6413,12115,FL,Sarasota
175,1730,82,1983,12117,FL,Seminole
165,889,48,1320,12119,FL,Sumter
118,206,16,661,12121,FL,Suwannee
145,103,35,538,12123,FL,Taylor
79,39,9,136,12125,FL,Union
243,2582,205,4412,12127,FL,Volusia
243,2357,73,3200,12129,FL,Wakulla
190,746,35,1247,12131,FL,Walton
96,72,22,376,12133,FL,Washington
59,8,2,155,13001,GA,Appling
55,11,1,83,13003,GA,Atkinson
63,27,4,66,13005,GA,Bacon
82,24,9,189,13007,GA,Baker
86,76,9,189,13009,GA,Baldwin
86,49,3,166,13011,GA,Banks
103,341,3,305,13013,GA,Barrow
135,423,25,853,13015,GA,Bartow
63,34,2,115,13017,GA,Ben Hill
106,88,2,205,13019,GA,Berrien
132,1010,18,790,13021,GA,Bibb
71,21,3,139,13023,GA,Bleckley
47,18,4,116,13025,GA,Brantley
126,303,3,157,13027,GA,Brooks
143,146,9,763,13029,GA,Bryan
127,549,9,440,13031,GA,Bulloch
137,229,12,231,13033,GA,Burke
115,219,6,262,13035,GA,Butts
82,18,2,76,13037,GA,Calhoun
169,666,30,1530,13039,GA,Camden
57,13,1,175,13043,GA,Candler
106,462,13,289,13045,GA,Carroll
74,77,3,444,13047,GA,Catoosa
109,172,6,1116,13049,GA,Charlton
204,2157,57,3348,13051,GA,Chatham
62,8,4,163,13053,GA,Chattahoochee
93,248,2,118,13055,GA,Chattooga
96,673,21,773,13057,GA,Cherokee
134,1569,28,1070,13059,GA,Clarke
82,25,7,200,13061,GA,Clay
122,545,11,1268,13063,GA,Clayton
75,109,1,132,13065,GA,Clinch
136,3008,47,2647,13067,GA,Cobb
95,91,2,127,13069,GA,Coffee
78,45,3,193,13071,GA,Colquitt
105,316,10,471,13073,GA,Columbia
92,77,1,442,13075,GA,Cook
106,336,11,426,13077,GA,Coweta
66,34,2,102,13079,GA,Crawford
102,59,1,407,13081,GA,Crisp
64,42,1,409,13083,GA,Dade
96,189,8,553,13085,GA,Dawson
124,194,13,282,13087,GA,Decatur
140,5017,75,2923,13089,GA,DeKalb
78,19,4,131,13091,GA,Dodge
136,110,3,330,13093,GA,Dooly
117,104,19,287,13095,GA,Dougherty
93,165,3,470,13097,GA,Douglas
99,68,7,180,13099,GA,Early
42,5,5,79,13101,GA,Echols
59,23,6,286,13103,GA,Effingham
75,21,8,215,13105,GA,Elbert
71,32,7,220,13107,GA,Emanuel
45,8,1,106,13109,GA,Evans
115,468,10,512,13111,GA,Fannin
109,437,20,499,13113,GA,Fayette
135,316,25,458,13115,GA,Floyd
123,650,32,706,13117,GA,Forsyth
67,28,2,255,13119,GA,Franklin
140,3779,79,3809,13121,GA,Fulton
77,99,3,348,13123,GA,Gilmer
11,2,3,54,13125,GA,Glascock
231,2703,91,2996,13127,GA,Glynn
118,284,9,420,13129,GA,Gordon
98,61,8,301,13131,GA,Grady
100,130,7,343,13133,GA,Greene
133,1756,46,1776,13135,GA,Gwinnett
71,53,5,299,13137,GA,Habersham
104,493,15,629,13139,GA,Hall
4,1,2,94,13141,GA,Hancock
66,41,2,132,13143,GA,Haralson
93,102,9,428,13145,GA,Harris
75,55,10,264,13147,GA,Hart
45,5,3,75,13149,GA,Heard
115,373,10,625,13151,GA,Henry
103,173,6,424,13153,GA,Houston
67,16,1,122,13155,GA,Irwin
103,158,7,351,13157,GA,Jackson
107,130,4,427,13159,GA,Jasper
93,30,3,101,13161,GA,Jeff Davis
48,17,7,129,13163,GA,Jefferson
91,37,8,147,13165,GA,Jenkins
36,6,1,64,13167,GA,Johnson
102,261,6,665,13169,GA,Jones
77,43,1,166,13171,GA,Lamar
44,10,3,111,13173,GA,Lanier
102,149,12,343,13175,GA,Laurens
88,71,5,208,13177,GA,Lee
115,60,15,700,13179,GA,Liberty
44,11,4,103,13181,GA,Lincoln
66,15,2,166,13183,GA,Long
132,478,7,592,13185,GA,Lowndes
78,88,3,312,13187,GA,Lumpkin
90,26,2,158,13189,GA,McDuffie
191,470,29,2151,13191,GA,McIntosh
96,102,9,285,13193,GA,Macon
82,54,9,212,13195,GA,Madison
37,15,2,81,13197,GA,Marion
94,18,6,220,13199,GA,Meriwether
108,88,5,241,13201,GA,Miller
80,27,3,183,13205,GA,Mitchell
102,196,7,590,13207,GA,Monroe
31,4,1,68,13209,GA,Montgomery
113,232,5,387,13211,GA,Morgan
122,457,13,429,13213,GA,Murray
144,503,50,506,13215,GA,Muscogee
110,150,7,294,13217,GA,Newton
118,503,10,453,13219,GA,Oconee
107,128,12,167,13221,GA,Oglethorpe
71,150,12,248,13223,GA,Paulding
42,21,5,275,13225,GA,Peach
56,43,9,307,13227,GA,Pickens
56,22,2,68,13229,GA,Pierce
31,7,2,97,13231,GA,Pike
68,58,8,115,13233,GA,Polk
82,15,3,111,13235,GA,Pulaski
70,23,5,273,13237,GA,Putnam
41,6,2,104,13239,GA,Quitman
91,117,29,683,13241,GA,Rabun
52,7,1,111,13243,GA,Randolph
145,418,16,826,13245,GA,Richmond
105,198,7,456,13247,GA,Rockdale
100,158,6,75,13249,GA,Schley
78,17,6,103,13251,GA,Screven
104,62,4,171,13253,GA,Seminole
71,95,2,182,13255,GA,Spalding
79,66,5,157,13257,GA,Stephens
107,36,6,336,13259,GA,Stewart
114,157,3,270,13261,GA,Sumter
61,14,3,112,13263,GA,Talbot
59,15,2,94,13265,GA,Taliaferro
85,26,3,186,13267,GA,Tattnall
94,27,5,140,13269,GA,Taylor
30,5,2,116,13271,GA,Telfair
57,12,1,106,13273,GA,Terrell
122,306,8,455,13275,GA,Thomas
100,113,5,457,13277,GA,Tift
53,11,3,100,13279,GA,Toombs
83,94,10,375,13281,GA,Towns
13,1,1,129,13283,GA,Treutlen
117,180,13,501,13285,GA,Troup
61,18,-999,248,13287,GA,Turner
57,8,2,229,13289,GA,Twiggs
82,78,14,620,13291,GA,Union
89,59,5,145,13293,GA,Upson
93,69,7,359,13295,GA,Walker
116,227,8,329,13297,GA,Walton
75,28,6,360,13299,GA,Ware
48,13,3,109,13301,GA,Warren
64,11,2,116,13303,GA,Washington
70,17,1,157,13305,GA,Wayne
15,2,4,77,13307,GA,Webster
42,5,2,115,13309,GA,Wheeler
71,81,9,463,13311,GA,White
101,233,9,339,13313,GA,Whitfield
41,5,1,79,13315,GA,Wilcox
52,14,3,82,13317,GA,Wilkes
83,22,-999,107,13319,GA,Wilkinson
74,19,3,179,13321,GA,Worth
118,2738,122,4524,15001,HI,Hawaii
92,1604,65,4882,15003,HI,Honolulu
0,0,-999,18,15005,HI,Kalawao
75,419,60,3710,15007,HI,Kauai
68,525,44,3470,15009,HI,Maui
176,4649,206,2478,16001,ID,Ada
85,144,24,365,16003,ID,Adams
109,331,47,780,16005,ID,Bannock
88,73,20,525,16007,ID,Bear Lake
104,146,31,254,16009,ID,Benewah
81,44,28,528,16011,ID,Bingham
123,684,86,1053,16013,ID,Blaine
103,192,57,658,16015,ID,Boise
117,615,90,697,16017,ID,Bonner
105,288,47,1070,16019,ID,Bonneville
101,298,68,478,16021,ID,Boundary
40,32,16,684,16023,ID,Butte
80,261,12,381,16025,ID,Camas
159,1982,64,1122,16027,ID,Canyon
40,13,21,302,16029,ID,Caribou
121,224,68,1185,16031,ID,Cassia
13,1,13,265,16033,ID,Clark
95,99,60,224,16035,ID,Clearwater
66,61,93,677,16037,ID,Custer
135,342,48,861,16039,ID,Elmore
14,2,15,180,16041,ID,Franklin
81,97,68,1220,16043,ID,Fremont
126,534,20,272,16045,ID,Gem
113,251,27,620,16047,ID,Gooding
94,101,87,718,16049,ID,Idaho
115,200,32,902,16051,ID,Jefferson
77,33,5,414,16053,ID,Jerome
113,252,91,1188,16055,ID,Kootenai
123,1349,99,595,16057,ID,Latah
105,177,44,423,16059,ID,Lemhi
66,28,10,158,16061,ID,Lewis
29,11,4,167,16063,ID,Lincoln
88,229,17,436,16065,ID,Madison
89,71,6,457,16067,ID,Minidoka
117,443,53,621,16069,ID,Nez Perce
61,17,18,596,16071,ID,Oneida
137,570,60,712,16073,ID,Owyhee
117,313,18,362,16075,ID,Payette
84,48,21,523,16077,ID,Power
62,99,42,413,16079,ID,Shoshone
71,112,11,554,16081,ID,Teton
137,624,47,1123,16083,ID,Twin Falls
97,285,88,713,16085,ID,Valley
76,63,28,302,16087,ID,Washington
105,276,18,481,17001,IL,Adams
85,87,16,436,17003,IL,Alexander
104,66,8,327,17005,IL,Bond
98,92,29,422,17007,IL,Boone
52,17,4,144,17009,IL,Brown
133,680,11,422,17011,IL,Bureau
95,40,11,224,17013,IL,Calhoun
112,153,17,422,17015,IL,Carroll
84,53,6,174,17017,IL,Cass
138,2245,55,1325,17019,IL,Champaign
116,70,12,154,17021,IL,Christian
120,170,6,339,17023,IL,Clark
67,27,1,95,17025,IL,Clay
137,236,18,611,17027,IL,Clinton
133,571,16,460,17029,IL,Coles
164,15239,460,10403,17031,IL,Cook
94,63,3,94,17033,IL,Crawford
98,68,2,312,17035,IL,Cumberland
124,532,22,681,17037,IL,DeKalb
120,218,22,417,17039,IL,De Witt
86,82,3,299,17041,IL,Douglas
141,5683,155,3269,17043,IL,DuPage
95,73,4,177,17045,IL,Edgar
113,133,1,82,17047,IL,Edwards
74,37,4,528,17049,IL,Effingham
94,58,12,486,17051,IL,Fayette
41,19,7,211,17053,IL,Ford
105,126,7,487,17055,IL,Franklin
106,193,17,711,17057,IL,Fulton
99,57,2,139,17059,IL,Gallatin
45,13,2,91,17061,IL,Greene
116,247,15,679,17063,IL,Grundy
62,34,3,57,17065,IL,Hamilton
94,131,9,186,17067,IL,Hancock
84,58,4,106,17069,IL,Hardin
51,19,5,121,17071,IL,Henderson
78,237,5,381,17073,IL,Henry
70,74,9,359,17075,IL,Iroquois
155,1098,76,711,17077,IL,Jackson
99,82,5,578,17079,IL,Jasper
102,122,7,483,17081,IL,Jefferson
113,64,7,424,17083,IL,Jersey
100,104,23,473,17085,IL,Jo Daviess
88,82,36,674,17087,IL,Johnson
135,2655,141,2057,17089,IL,Kane
112,974,21,572,17091,IL,Kankakee
129,1105,38,629,17093,IL,Kendall
90,251,12,277,17095,IL,Knox
149,5149,158,3384,17097,IL,Lake
120,917,23,1245,17099,IL,La Salle
94,60,3,111,17101,IL,Lawrence
106,307,18,614,17103,IL,Lee
88,88,9,360,17105,IL,Livingston
74,72,9,293,17107,IL,Logan
67,72,3,150,17109,IL,McDonough
133,1633,73,1546,17111,IL,McHenry
144,1163,63,1203,17113,IL,McLean
109,184,17,348,17115,IL,Macon
68,43,4,227,17117,IL,Macoupin
141,1034,28,1668,17119,IL,Madison
100,140,8,397,17121,IL,Marion
107,196,10,237,17123,IL,Marshall
113,202,20,667,17125,IL,Mason
112,84,6,407,17127,IL,Massac
115,1859,4,132,17129,IL,Menard
94,83,4,96,17131,IL,Mercer
119,182,7,261,17133,IL,Monroe
89,41,5,258,17135,IL,Montgomery
87,131,9,274,17137,IL,Morgan
97,59,19,185,17139,IL,Moultrie
99,188,28,641,17141,IL,Ogle
120,848,48,659,17143,IL,Peoria
95,58,5,161,17145,IL,Perry
111,206,14,380,17147,IL,Piatt
86,59,4,244,17149,IL,Pike
92,59,14,219,17151,IL,Pope
78,34,14,356,17153,IL,Pulaski
109,118,6,414,17155,IL,Putnam
107,87,11,335,17157,IL,Randolph
62,29,5,200,17159,IL,Richland
111,590,29,697,17161,IL,Rock Island
112,720,25,1043,17163,IL,St. Clair
131,414,5,251,17165,IL,Saline
122,663,49,854,17167,IL,Sangamon
42,9,1,136,17169,IL,Schuyler
69,23,1,120,17171,IL,Scott
98,45,10,236,17173,IL,Shelby
64,31,3,80,17175,IL,Stark
101,112,11,244,17177,IL,Stephenson
130,812,22,559,17179,IL,Tazewell
114,179,19,599,17181,IL,Union
119,236,15,521,17183,IL,Vermilion
78,43,2,108,17185,IL,Wabash
59,28,7,121,17187,IL,Warren
74,27,2,242,17189,IL,Washington
74,31,2,128,17191,IL,Wayne
92,325,1,171,17193,IL,White
101,149,14,439,17195,IL,Whiteside
140,2765,106,2258,17197,IL,Will
123,527,21,702,17199,IL,Williamson
129,652,82,1221,17201,IL,Winnebago
119,445,13,485,17203,IL,Woodford
71,47,5,160,18001,IN,Adams
130,1232,47,929,18003,IN,Allen
90,137,10,428,18005,IN,Bartholomew
80,44,2,241,18007,IN,Benton
70,48,1,79,18009,IN,Blackford
113,792,14,666,18011,IN,Boone
114,247,23,790,18013,IN,Brown
69,61,7,135,18015,IN,Carroll
59,26,6,184,18017,IN,Cass
115,453,19,789,18019,IN,Clark
92,62,8,331,18021,IN,Clay
74,52,5,261,18023,IN,Clinton
85,44,7,199,18025,IN,Crawford
80,19,6,230,18027,IN,Daviess
92,90,17,520,18029,IN,Dearborn
91,102,5,189,18031,IN,Decatur
74,153,1,215,18033,IN,DeKalb
99,241,29,350,18035,IN,Delaware
117,136,15,250,18037,IN,Dubois
134,2028,70,874,18039,IN,Elkhart
76,157,4,263,18041,IN,Fayette
101,291,10,297,18043,IN,Floyd
54,17,4,212,18045,IN,Fountain
100,74,12,316,18047,IN,Franklin
61,16,5,172,18049,IN,Fulton
150,809,26,625,18051,IN,Gibson
69,127,4,230,18053,IN,Grant
140,1014,56,1124,18055,IN,Greene
134,1914,44,1217,18057,IN,Hamilton
106,593,7,599,18059,IN,Hancock
89,340,21,284,18061,IN,Harrison
112,962,20,735,18063,IN,Hendricks
106,187,6,491,18065,IN,Henry
72,29,5,192,18067,IN,Howard
89,153,13,351,18069,IN,Huntington
124,268,20,1030,18071,IN,Jackson
105,383,9,667,18073,IN,Jasper
65,34,6,150,18075,IN,Jay
75,58,7,297,18077,IN,Jefferson
82,44,11,341,18079,IN,Jennings
108,588,17,605,18081,IN,Johnson
105,87,8,192,18083,IN,Knox
112,394,17,440,18085,IN,Kosciusko
131,535,34,641,18087,IN,LaGrange
143,1390,66,1970,18089,IN,Lake
129,663,27,1243,18091,IN,LaPorte
84,275,12,350,18093,IN,Lawrence
122,860,9,426,18095,IN,Madison
136,3466,97,2867,18097,IN,Marion
81,69,8,272,18099,IN,Marshall
73,34,6,128,18101,IN,Martin
75,104,11,314,18103,IN,Miami
142,2869,85,1441,18105,IN,Monroe
92,55,18,565,18107,IN,Montgomery
101,395,14,457,18109,IN,Morgan
129,291,22,832,18111,IN,Newton
98,281,28,360,18113,IN,Noble
27,4,4,59,18115,IN,Ohio
100,71,9,284,18117,IN,Orange
83,136,13,434,18119,IN,Owen
78,69,8,413,18121,IN,Parke
66,74,4,189,18123,IN,Perry
116,52,16,249,18125,IN,Pike
153,1187,59,2536,18127,IN,Porter
122,116,12,334,18129,IN,Posey
68,49,5,587,18131,IN,Pulaski
117,541,18,466,18133,IN,Putnam
52,11,2,91,18135,IN,Randolph
81,47,10,265,18137,IN,Ripley
27,3,1,88,18139,IN,Rush
130,1552,60,1227,18141,IN,St. Joseph
71,19,4,236,18143,IN,Scott
61,24,2,287,18145,IN,Shelby
124,136,4,308,18147,IN,Spencer
89,101,8,297,18149,IN,Starke
79,79,25,792,18151,IN,Steuben
122,229,25,388,18153,IN,Sullivan
50,24,6,72,18155,IN,Switzerland
143,2123,37,1167,18157,IN,Tippecanoe
31,5,2,106,18159,IN,Tipton
111,167,8,446,18161,IN,Union
139,934,19,747,18163,IN,Vanderburgh
96,72,6,362,18165,IN,Vermillion
133,713,29,641,18167,IN,Vigo
82,91,16,340,18169,IN,Wabash
74,13,8,138,18171,IN,Warren
142,613,16,436,18173,IN,Warrick
99,67,7,126,18175,IN,Washington
110,351,12,560,18177,IN,Wayne
58,57,6,126,18179,IN,Wells
90,80,7,299,18181,IN,White
84,268,6,161,18183,IN,Whitley
31,10,6,244,19001,IA,Adair
7,0,7,42,19003,IA,Adams
60,48,27,527,19005,IA,Allamakee
73,19,12,138,19007,IA,Appanoose
0,0,3,67,19009,IA,Audubon
87,59,8,171,19011,IA,Benton
117,464,39,450,19013,IA,Black Hawk
105,148,21,321,19015,IA,Boone
92,130,15,198,19017,IA,Bremer
90,223,11,172,19019,IA,Buchanan
80,114,8,83,19021,IA,Buena Vista
82,71,6,92,19023,IA,Butler
15,1,8,106,19025,IA,Calhoun
84,48,8,159,19027,IA,Carroll
48,51,4,262,19029,IA,Cass
62,36,9,328,19031,IA,Cedar
85,96,16,384,19033,IA,Cerro Gordo
27,5,4,47,19035,IA,Cherokee
39,5,2,101,19037,IA,Chickasaw
35,29,4,136,19039,IA,Clarke
75,15,21,123,19041,IA,Clay
53,18,23,313,19043,IA,Clayton
102,166,11,214,19045,IA,Clinton
11,2,3,58,19047,IA,Crawford
103,239,20,873,19049,IA,Dallas
50,15,4,70,19051,IA,Davis
73,24,7,226,19053,IA,Decatur
42,67,5,130,19055,IA,Delaware
72,47,13,168,19057,IA,Des Moines
85,111,61,255,19059,IA,Dickinson
122,402,44,597,19061,IA,Dubuque
55,14,14,71,19063,IA,Emmet
40,13,10,124,19065,IA,Fayette
40,4,3,126,19067,IA,Floyd
47,9,9,168,19069,IA,Franklin
67,26,12,390,19071,IA,Fremont
76,81,14,142,19073,IA,Greene
75,23,7,117,19075,IA,Grundy
66,14,9,167,19077,IA,Guthrie
67,31,10,237,19079,IA,Hamilton
56,12,10,96,19081,IA,Hancock
87,52,14,153,19083,IA,Hardin
89,121,9,588,19085,IA,Harrison
55,45,3,133,19087,IA,Henry
42,5,5,136,19089,IA,Howard
7,1,1,57,19091,IA,Humboldt
31,14,3,131,19093,IA,Ida
75,48,9,352,19095,IA,Iowa
113,90,19,318,19097,IA,Jackson
83,123,20,719,19099,IA,Jasper
69,177,13,134,19101,IA,Jefferson
136,1558,93,1269,19103,IA,Johnson
50,30,7,184,19105,IA,Jones
18,5,1,59,19107,IA,Keokuk
45,11,10,148,19109,IA,Kossuth
83,77,20,282,19111,IA,Lee
115,637,46,698,19113,IA,Linn
103,139,11,311,19115,IA,Louisa
59,150,17,118,19117,IA,Lucas
34,14,8,116,19119,IA,Lyon
92,97,11,321,19121,IA,Madison
27,5,5,105,19123,IA,Mahaska
103,134,30,330,19125,IA,Marion
81,97,10,161,19127,IA,Marshall
83,41,11,227,19129,IA,Mills
10,2,2,62,19131,IA,Mitchell
59,15,13,270,19133,IA,Monona
10,7,5,78,19135,IA,Monroe
21,1,4,60,19137,IA,Montgomery
107,173,10,243,19139,IA,Muscatine
32,8,5,86,19141,IA,O'Brien
4,0,3,77,19143,IA,Osceola
64,16,3,67,19145,IA,Page
60,19,10,96,19147,IA,Palo Alto
42,13,5,160,19149,IA,Plymouth
46,9,13,70,19151,IA,Pocahontas
145,1544,116,1428,19153,IA,Polk
100,293,25,965,19155,IA,Pottawattamie
56,63,12,302,19157,IA,Poweshiek
49,12,9,140,19159,IA,Ringgold
75,36,11,136,19161,IA,Sac
124,512,26,876,19163,IA,Scott
38,4,5,80,19165,IA,Shelby
58,72,7,185,19167,IA,Sioux
135,1093,54,705,19169,IA,Story
79,37,10,197,19171,IA,Tama
22,3,2,57,19173,IA,Taylor
45,17,8,79,19175,IA,Union
74,53,8,147,19177,IA,Van Buren
60,28,9,156,19179,IA,Wapello
92,65,13,244,19181,IA,Warren
72,81,10,172,19183,IA,Washington
12,3,6,51,19185,IA,Wayne
53,24,4,232,19187,IA,Webster
66,56,6,80,19189,IA,Winnebago
86,157,18,269,19191,IA,Winneshiek
107,262,25,441,19193,IA,Woodbury
54,18,4,203,19195,IA,Worth
19,4,6,130,19197,IA,Wright
94,50,14,103,20001,KS,Allen
111,103,17,143,20003,KS,Anderson
133,172,12,194,20005,KS,Atchison
99,48,15,181,20007,KS,Barber
156,177,30,1457,20009,KS,Barton
78,45,15,157,20011,KS,Bourbon
118,193,7,182,20013,KS,Brown
115,201,32,472,20015,KS,Butler
86,49,19,620,20017,KS,Chase
102,66,18,105,20019,KS,Chautauqua
120,197,22,308,20021,KS,Cherokee
75,60,17,234,20023,KS,Cheyenne
110,132,15,208,20025,KS,Clark
52,15,24,147,20027,KS,Clay
28,4,12,137,20029,KS,Cloud
100,78,27,431,20031,KS,Coffey
94,32,17,132,20033,KS,Comanche
129,78,22,229,20035,KS,Cowley
122,111,22,227,20037,KS,Crawford
43,21,9,110,20039,KS,Decatur
68,9,16,346,20041,KS,Dickinson
63,20,11,148,20043,KS,Doniphan
165,2277,83,1313,20045,KS,Douglas
72,34,10,156,20047,KS,Edwards
54,15,11,86,20049,KS,Elk
95,246,20,406,20051,KS,Ellis
103,83,22,491,20053,KS,Ellsworth
94,188,33,338,20055,KS,Finney
117,275,62,411,20057,KS,Ford
90,84,28,280,20059,KS,Franklin
80,26,28,560,20061,KS,Geary
73,70,22,433,20063,KS,Gove
32,5,11,81,20065,KS,Graham
63,25,8,91,20067,KS,Grant
67,44,34,222,20069,KS,Gray
28,19,7,113,20071,KS,Greeley
72,23,20,182,20073,KS,Greenwood
84,59,16,223,20075,KS,Hamilton
77,38,7,127,20077,KS,Harper
127,436,30,347,20079,KS,Harvey
55,47,11,153,20081,KS,Haskell
73,32,19,274,20083,KS,Hodgeman
101,137,12,160,20085,KS,Jackson
151,492,45,436,20087,KS,Jefferson
46,29,19,97,20089,KS,Jewell
160,3499,218,2253,20091,KS,Johnson
73,44,10,187,20093,KS,Kearny
98,74,11,224,20095,KS,Kingman
101,76,18,294,20097,KS,Kiowa
106,87,20,163,20099,KS,Labette
57,32,15,147,20101,KS,Lane
115,476,37,491,20103,KS,Leavenworth
69,19,9,211,20105,KS,Lincoln
128,167,32,360,20107,KS,Linn
49,38,11,334,20109,KS,Logan
82,56,22,554,20111,KS,Lyon
104,357,29,385,20113,KS,McPherson
105,168,32,291,20115,KS,Marion
49,13,13,124,20117,KS,Marshall
89,83,17,211,20119,KS,Meade
129,269,34,418,20121,KS,Miami
82,21,19,127,20123,KS,Mitchell
81,31,30,243,20125,KS,Montgomery
91,24,19,171,20127,KS,Morris
85,103,27,580,20129,KS,Morton
91,111,7,125,20131,KS,Nemaha
123,99,15,178,20133,KS,Neosho
71,26,19,123,20135,KS,Ness
58,6,18,153,20137,KS,Norton
134,208,39,442,20139,KS,Osage
28,5,5,83,20141,KS,Osborne
81,23,10,133,20143,KS,Ottawa
47,10,14,264,20145,KS,Pawnee
51,12,6,187,20147,KS,Phillips
120,183,28,379,20149,KS,Pottawatomie
110,113,13,262,20151,KS,Pratt
46,10,7,86,20153,KS,Rawlins
149,283,45,573,20155,KS,Reno
67,82,11,118,20157,KS,Republic
52,14,23,257,20159,KS,Rice
116,383,56,839,20161,KS,Riley
81,28,19,124,20163,KS,Rooks
57,19,21,145,20165,KS,Rush
130,240,18,533,20167,KS,Russell
87,69,16,580,20169,KS,Saline
108,185,13,335,20171,KS,Scott
143,1218,78,1113,20173,KS,Sedgwick
74,31,11,262,20175,KS,Seward
143,821,57,802,20177,KS,Shawnee
22,8,8,92,20179,KS,Sheridan
42,40,12,528,20181,KS,Sherman
37,12,8,98,20183,KS,Smith
132,181,21,1342,20185,KS,Stafford
37,20,8,107,20187,KS,Stanton
47,15,13,191,20189,KS,Stevens
126,156,24,374,20191,KS,Sumner
50,17,16,450,20193,KS,Thomas
83,34,17,380,20195,KS,Trego
96,65,15,393,20197,KS,Wabaunsee
21,14,7,152,20199,KS,Wallace
68,22,10,80,20201,KS,Washington
40,21,8,92,20203,KS,Wichita
63,16,11,123,20205,KS,Wilson
90,38,15,135,20207,KS,Woodson
116,330,34,701,20209,KS,Wyandotte
54,18,6,93,21001,KY,Adair
68,69,8,145,21003,KY,Allen
59,80,7,141,21005,KY,Anderson
60,7,9,158,21007,KY,Ballard
90,110,15,415,21009,KY,Barren
43,11,6,167,21011,KY,Bath
59,24,15,221,21013,KY,Bell
101,364,21,913,21015,KY,Boone
76,72,4,99,21017,KY,Bourbon
58,33,6,181,21019,KY,Boyd
76,45,5,141,21021,KY,Boyle
17,3,1,82,21023,KY,Bracken
31,7,1,49,21025,KY,Breathitt
61,75,3,64,21027,KY,Breckinridge
93,273,11,514,21029,KY,Bullitt
58,21,4,65,21031,KY,Butler
54,14,3,102,21033,KY,Caldwell
107,148,6,190,21035,KY,Calloway
84,295,14,400,21037,KY,Campbell
38,1,4,66,21039,KY,Carlisle
45,18,4,175,21041,KY,Carroll
52,26,13,232,21043,KY,Carter
39,12,4,62,21045,KY,Casey
123,262,7,374,21047,KY,Christian
67,54,6,205,21049,KY,Clark
44,21,9,30,21051,KY,Clay
35,11,2,40,21053,KY,Clinton
59,6,2,46,21055,KY,Crittenden
31,4,4,45,21057,KY,Cumberland
111,128,17,218,21059,KY,Daviess
65,49,17,834,21061,KY,Edmonson
2,1,7,42,21063,KY,Elliott
44,10,3,49,21065,KY,Estill
132,1673,33,1339,21067,KY,Fayette
40,5,7,50,21069,KY,Fleming
50,14,3,63,21071,KY,Floyd
103,416,19,373,21073,KY,Franklin
94,48,21,266,21075,KY,Fulton
66,30,5,143,21077,KY,Gallatin
81,95,4,113,21079,KY,Garrard
50,40,4,264,21081,KY,Grant
77,120,2,114,21083,KY,Graves
61,20,3,136,21085,KY,Grayson
22,3,3,48,21087,KY,Green
41,7,6,149,21089,KY,Greenup
49,11,2,36,21091,KY,Hancock
113,92,11,447,21093,KY,Hardin
17,2,5,94,21095,KY,Harlan
27,4,2,69,21097,KY,Harrison
103,101,5,342,21099,KY,Hart
118,310,28,534,21101,KY,Henderson
56,20,4,135,21103,KY,Henry
68,11,3,82,21105,KY,Hickman
121,335,8,194,21107,KY,Hopkins
55,17,2,53,21109,KY,Jackson
137,3245,102,1642,21111,KY,Jefferson
91,261,9,234,21113,KY,Jessamine
48,12,5,41,21115,KY,Johnson
91,310,18,618,21117,KY,Kenton
6,1,5,46,21119,KY,Knott
63,21,3,66,21121,KY,Knox
99,50,6,215,21123,KY,Larue
81,76,16,358,21125,KY,Laurel
32,11,1,52,21127,KY,Lawrence
36,6,1,66,21129,KY,Lee
37,15,3,36,21131,KY,Leslie
37,6,7,93,21133,KY,Letcher
16,5,7,52,21135,KY,Lewis
81,68,8,89,21137,KY,Lincoln
89,72,11,383,21139,KY,Livingston
94,142,6,114,21141,KY,Logan
114,99,26,550,21143,KY,Lyon
74,130,4,386,21145,KY,McCracken
56,13,24,157,21147,KY,McCreary
36,14,3,57,21149,KY,McLean
102,387,14,554,21151,KY,Madison
31,8,2,29,21153,KY,Magoffin
61,23,4,66,21155,KY,Marion
130,338,25,515,21157,KY,Marshall
37,3,3,16,21159,KY,Martin
35,7,4,80,21161,KY,Mason
54,21,3,120,21163,KY,Meade
49,20,6,146,21165,KY,Menifee
73,39,4,241,21167,KY,Mercer
78,140,7,47,21169,KY,Metcalfe
70,18,4,45,21171,KY,Monroe
47,25,4,94,21173,KY,Montgomery
42,15,4,49,21175,KY,Morgan
106,60,10,160,21177,KY,Muhlenberg
91,164,7,240,21179,KY,Nelson
45,33,3,49,21181,KY,Nicholas
81,72,7,125,21183,KY,Ohio
101,271,9,348,21185,KY,Oldham
53,29,7,80,21187,KY,Owen
14,1,2,18,21189,KY,Owsley
49,26,3,87,21191,KY,Pendleton
30,4,2,58,21193,KY,Perry
46,17,8,109,21195,KY,Pike
57,21,6,365,21197,KY,Powell
123,599,45,174,21199,KY,Pulaski
42,9,3,41,21201,KY,Robertson
79,22,3,224,21203,KY,Rockcastle
84,75,13,369,21205,KY,Rowan
87,58,8,119,21207,KY,Russell
83,95,7,347,21209,KY,Scott
96,222,9,292,21211,KY,Shelby
66,40,3,212,21213,KY,Simpson
83,374,6,112,21215,KY,Spencer
79,40,16,151,21217,KY,Taylor
112,190,7,138,21219,KY,Todd
114,104,29,643,21221,KY,Trigg
65,44,3,70,21223,KY,Trimble
90,24,8,111,21225,KY,Union
121,201,17,567,21227,KY,Warren
27,8,4,81,21229,KY,Washington
99,35,16,71,21231,KY,Wayne
41,12,3,72,21233,KY,Webster
42,17,9,339,21235,KY,Whitley
33,18,11,330,21237,KY,Wolfe
68,88,5,308,21239,KY,Woodford
128,64,4,602,22001,LA,Acadia Parish
85,20,7,170,22003,LA,Allen Parish
131,171,6,344,22005,LA,Ascension Parish
108,161,3,124,22007,LA,Assumption Parish
89,22,7,132,22009,LA,Avoyelles Parish
69,53,2,147,22011,LA,Beauregard Parish
43,8,1,103,22013,LA,Bienville Parish
143,133,10,460,22015,LA,Bossier Parish
158,503,26,680,22017,LA,Caddo Parish
204,750,38,1408,22019,LA,Calcasieu Parish
14,4,8,46,22021,LA,Caldwell Parish
231,720,60,2223,22023,LA,Cameron Parish
75,18,10,105,22025,LA,Catahoula Parish
115,174,6,101,22027,LA,Claiborne Parish
135,123,7,153,22029,LA,Concordia Parish
94,70,2,142,22031,LA,De Soto Parish
215,2966,101,1564,22033,LA,East Baton Rouge Parish
57,9,4,88,22035,LA,East Carroll Parish
91,90,2,156,22037,LA,East Feliciana Parish
76,40,5,237,22039,LA,Evangeline Parish
31,16,2,49,22041,LA,Franklin Parish
78,60,12,122,22043,LA,Grant Parish
140,74,8,529,22045,LA,Iberia Parish
170,209,4,634,22047,LA,Iberville Parish
53,14,4,80,22049,LA,Jackson Parish
216,970,58,2332,22051,LA,Jefferson Parish
150,156,15,1114,22053,LA,Jefferson Davis Parish
173,917,16,773,22055,LA,Lafayette Parish
169,167,21,682,22057,LA,Lafourche Parish
113,97,8,103,22059,LA,La Salle Parish
113,83,5,185,22061,LA,Lincoln Parish
133,193,3,507,22063,LA,Livingston Parish
84,49,2,292,22065,LA,Madison Parish
83,37,7,104,22067,LA,Morehouse Parish
101,41,10,290,22069,LA,Natchitoches Parish
217,1639,76,3595,22071,LA,Orleans Parish
148,464,10,372,22073,LA,Ouachita Parish
164,215,46,639,22075,LA,Plaquemines Parish
99,58,5,296,22077,LA,Pointe Coupee Parish
163,513,25,488,22079,LA,Rapides Parish
103,46,4,123,22081,LA,Red River Parish
118,55,3,210,22083,LA,Richland Parish
69,32,5,166,22085,LA,Sabine Parish
118,85,16,417,22087,LA,St. Bernard Parish
136,100,10,773,22089,LA,St. Charles Parish
63,18,5,68,22091,LA,St. Helena Parish
77,14,5,290,22093,LA,St. James Parish
120,79,9,513,22095,LA,St. John the Baptist Parish
122,92,3,317,22097,LA,St. Landry Parish
158,346,14,1381,22099,LA,St. Martin Parish
134,136,15,312,22101,LA,St. Mary Parish
197,1754,39,2403,22103,LA,St. Tammany Parish
176,493,19,612,22105,LA,Tangipahoa Parish
63,25,3,84,22107,LA,Tensas Parish
171,338,41,556,22109,LA,Terrebonne Parish
102,68,8,142,22111,LA,Union Parish
198,215,20,635,22113,LA,Vermilion Parish
82,77,14,406,22115,LA,Vernon Parish
100,39,5,223,22117,LA,Washington Parish
68,28,4,154,22119,LA,Webster Parish
99,57,7,342,22121,LA,West Baton Rouge Parish
46,11,2,69,22123,LA,West Carroll Parish
99,77,8,300,22125,LA,West Feliciana Parish
51,30,4,65,22127,LA,Winn Parish
97,607,43,910,23001,ME,Androscoggin
68,318,105,528,23003,ME,Aroostook
156,8425,329,6325,23005,ME,Cumberland
69,221,60,970,23007,ME,Franklin
131,4162,314,6240,23009,ME,Hancock
115,2417,89,1711,23011,ME,Kennebec
132,1693,111,3181,23013,ME,Knox
133,1950,136,3288,23015,ME,Lincoln
85,482,81,1453,23017,ME,Oxford
106,1806,97,1930,23019,ME,Penobscot
49,437,66,1272,23021,ME,Piscataquis
127,891,139,1772,23023,ME,Sagadahoc
73,307,48,982,23025,ME,Somerset
120,873,81,1491,23027,ME,Waldo
111,907,186,3178,23029,ME,Washington
149,4557,214,5016,23031,ME,York
121,798,58,1049,24001,MD,Allegany
162,4780,139,4264,24003,MD,Anne Arundel
167,6789,269,4338,24005,MD,Baltimore
155,1766,40,1255,24009,MD,Calvert
114,385,51,746,24011,MD,Caroline
115,1233,53,1170,24013,MD,Carroll
138,978,67,1674,24015,MD,Cecil
119,435,58,782,24017,MD,Charles
168,1866,89,2780,24019,MD,Dorchester
134,2938,102,2526,24021,MD,Frederick
127,1564,102,1270,24023,MD,Garrett
144,2585,81,2507,24025,MD,Harford
142,6635,111,2432,24027,MD,Howard
132,429,55,1188,24029,MD,Kent
152,11049,219,5160,24031,MD,Montgomery
145,4151,121,3127,24033,MD,Prince George's
154,1008,67,2138,24035,MD,Queen Anne's
146,1139,56,1379,24037,MD,St. Mary's
149,401,53,859,24039,MD,Somerset
159,1553,58,1488,24041,MD,Talbot
119,1099,98,2007,24043,MD,Washington
128,332,59,1064,24045,MD,Wicomico
185,2114,200,3514,24047,MD,Worcester
0,0,-999,0,24510,MD,Baltimore city
186,9897,453,6874,25001,MA,Barnstable
128,3543,180,2351,25003,MA,Berkshire
166,3551,156,2494,25005,MA,Bristol
137,888,71,1273,25007,MA,Dukes
179,10717,371,8132,25009,MA,Essex
129,1953,92,1662,25011,MA,Franklin
116,1621,86,1802,25013,MA,Hampden
141,7576,167,2595,25015,MA,Hampshire
143,13555,382,8281,25017,MA,Middlesex
148,839,74,1008,25019,MA,Nantucket
140,4724,189,3446,25021,MA,Norfolk
172,4154,273,3922,25023,MA,Plymouth
138,4381,131,4611,25025,MA,Suffolk
133,5888,290,4409,25027,MA,Worcester
101,421,17,430,26001,MI,Alcona
76,331,49,1331,26003,MI,Alger
138,1588,98,1500,26005,MI,Allegan
89,146,30,372,26007,MI,Alpena
102,553,35,627,26009,MI,Antrim
101,293,20,669,26011,MI,Arenac
54,82,26,496,26013,MI,Baraga
112,1343,74,1080,26015,MI,Barry
120,543,30,1454,26017,MI,Bay
108,359,45,909,26019,MI,Benzie
144,2067,90,1974,26021,MI,Berrien
93,111,18,364,26023,MI,Branch
128,1900,45,968,26025,MI,Calhoun
99,462,33,476,26027,MI,Cass
82,371,42,596,26029,MI,Charlevoix
91,336,38,1156,26031,MI,Cheboygan
110,1385,97,2612,26033,MI,Chippewa
76,120,21,421,26035,MI,Clare
109,489,24,957,26037,MI,Clinton
84,386,35,3041,26039,MI,Crawford
98,176,50,624,26041,MI,Delta
48,35,8,270,26043,MI,Dickinson
105,860,41,732,26045,MI,Eaton
110,376,52,1161,26047,MI,Emmet
118,1308,57,1249,26049,MI,Genesee
63,130,21,232,26051,MI,Gladwin
47,110,33,579,26053,MI,Gogebic
116,1254,64,1307,26055,MI,Grand Traverse
116,461,17,803,26057,MI,Gratiot
121,616,32,460,26059,MI,Hillsdale
72,312,57,639,26061,MI,Houghton
118,230,42,441,26063,MI,Huron
116,2117,83,1805,26065,MI,Ingham
96,227,36,500,26067,MI,Ionia
127,1099,32,1779,26069,MI,Iosco
46,49,16,326,26071,MI,Iron
118,1377,26,564,26073,MI,Isabella
123,1531,69,1242,26075,MI,Jackson
130,2387,92,1593,26077,MI,Kalamazoo
81,216,25,564,26079,MI,Kalkaska
129,4655,193,2575,26081,MI,Kent
62,164,78,702,26083,MI,Keweenaw
41,30,25,283,26085,MI,Lake
108,999,59,602,26087,MI,Lapeer
113,812,75,1337,26089,MI,Leelanau
116,408,39,787,26091,MI,Lenawee
116,2118,65,1536,26093,MI,Livingston
50,34,25,753,26095,MI,Luce
91,231,35,1812,26097,MI,Mackinac
134,2904,63,1549,26099,MI,Macomb
123,667,45,891,26101,MI,Manistee
105,1391,72,1063,26103,MI,Marquette
120,486,24,732,26105,MI,Mason
81,496,20,461,26107,MI,Mecosta
65,114,14,439,26109,MI,Menominee
116,682,45,755,26111,MI,Midland
65,77,12,396,26113,MI,Missaukee
146,909,46,2143,26115,MI,Monroe
88,171,27,456,26117,MI,Montcalm
70,64,16,238,26119,MI,Montmorency
136,1398,66,1621,26121,MI,Muskegon
98,257,29,444,26123,MI,Newaygo
131,6189,174,4340,26125,MI,Oakland
96,166,29,436,26127,MI,Oceana
83,170,17,516,26129,MI,Ogemaw
74,142,52,566,26131,MI,Ontonagon
90,256,10,438,26133,MI,Osceola
79,161,17,974,26135,MI,Oscoda
81,255,18,610,26137,MI,Otsego
133,3294,121,1946,26139,MI,Ottawa
73,79,26,316,26141,MI,Presque Isle
82,185,20,1144,26143,MI,Roscommon
127,634,36,1583,26145,MI,Saginaw
125,1031,59,1018,26147,MI,St. Clair
110,448,56,396,26149,MI,St. Joseph
90,112,24,341,26151,MI,Sanilac
52,43,18,1810,26153,MI,Schoolcraft
78,171,13,416,26155,MI,Shiawassee
109,421,25,577,26157,MI,Tuscola
118,569,66,984,26159,MI,Van Buren
131,7392,225,3506,26161,MI,Washtenaw
140,3998,113,3397,26163,MI,Wayne
74,170,18,519,26165,MI,Wexford
83,243,62,1088,27001,MN,Aitkin
107,1291,65,1518,27003,MN,Anoka
101,468,28,726,27005,MN,Becker
75,222,24,672,27007,MN,Beltrami
98,413,12,313,27009,MN,Benton
85,62,24,293,27011,MN,Big Stone
100,120,31,466,27013,MN,Blue Earth
74,51,10,268,27015,MN,Brown
70,258,22,878,27017,MN,Carlton
109,675,34,1043,27019,MN,Carver
87,423,42,802,27021,MN,Cass
64,26,8,219,27023,MN,Chippewa
94,425,33,852,27025,MN,Chisago
98,303,64,941,27027,MN,Clay
42,49,15,663,27029,MN,Clearwater
70,411,95,1409,27031,MN,Cook
91,121,36,269,27033,MN,Cottonwood
86,328,37,728,27035,MN,Crow Wing
141,2390,159,2498,27037,MN,Dakota
78,102,7,216,27039,MN,Dodge
71,66,21,626,27041,MN,Douglas
65,22,24,330,27043,MN,Faribault
84,174,21,389,27045,MN,Fillmore
84,49,19,669,27047,MN,Freeborn
109,740,50,1091,27049,MN,Goodhue
96,197,13,491,27051,MN,Grant
137,9071,251,5695,27053,MN,Hennepin
120,230,27,622,27055,MN,Houston
60,197,17,501,27057,MN,Hubbard
82,132,16,287,27059,MN,Isanti
72,220,39,637,27061,MN,Itasca
80,40,72,400,27063,MN,Jackson
40,19,7,246,27065,MN,Kanabec
84,83,48,355,27067,MN,Kandiyohi
25,32,32,200,27069,MN,Kittson
50,78,17,353,27071,MN,Koochiching
98,76,29,411,27073,MN,Lac qui Parle
79,700,112,2650,27075,MN,Lake
52,45,24,307,27077,MN,Lake of the Woods
83,237,16,417,27079,MN,Le Sueur
49,17,24,156,27081,MN,Lincoln
117,128,20,286,27083,MN,Lyon
84,101,12,276,27085,MN,McLeod
44,32,3,143,27087,MN,Mahnomen
78,89,13,468,27089,MN,Marshall
70,12,14,259,27091,MN,Martin
113,247,51,262,27093,MN,Meeker
71,82,25,411,27095,MN,Mille Lacs
82,190,23,429,27097,MN,Morrison
97,172,11,343,27099,MN,Mower
70,51,20,172,27101,MN,Murray
94,78,18,426,27103,MN,Nicollet
82,71,17,265,27105,MN,Nobles
66,89,12,155,27107,MN,Norman
125,1026,37,889,27109,MN,Olmsted
104,466,25,863,27111,MN,Otter Tail
48,42,7,180,27113,MN,Pennington
91,227,25,982,27115,MN,Pine
90,118,9,304,27117,MN,Pipestone
96,854,39,581,27119,MN,Polk
42,12,14,254,27121,MN,Pope
125,3981,116,2679,27123,MN,Ramsey
64,88,9,130,27125,MN,Red Lake
63,17,13,183,27127,MN,Redwood
81,27,13,223,27129,MN,Renville
118,1118,75,922,27131,MN,Rice
74,38,20,509,27133,MN,Rock
50,67,12,362,27135,MN,Roseau
120,6794,296,5175,27137,MN,St. Louis
121,1036,39,1432,27139,MN,Scott
96,292,28,1180,27141,MN,Sherburne
81,46,13,268,27143,MN,Sibley
115,631,45,844,27145,MN,Stearns
96,145,8,445,27147,MN,Steele
77,104,6,168,27149,MN,Stevens
77,46,8,226,27151,MN,Swift
85,329,10,332,27153,MN,Todd
73,34,14,183,27155,MN,Traverse
97,331,21,622,27157,MN,Wabasha
29,17,3,184,27159,MN,Wadena
65,25,11,167,27161,MN,Waseca
123,2474,100,2042,27163,MN,Washington
80,32,11,231,27165,MN,Watonwan
63,39,10,348,27167,MN,Wilkin
112,607,31,972,27169,MN,Winona
106,396,34,877,27171,MN,Wright
105,68,20,253,27173,MN,Yellow Medicine
137,119,15,388,28001,MS,Adams
80,64,5,137,28003,MS,Alcorn
13,4,1,34,28005,MS,Amite
32,5,2,59,28007,MS,Attala
30,4,-999,102,28009,MS,Benton
80,28,3,96,28011,MS,Bolivar
37,14,-999,26,28013,MS,Calhoun
21,8,2,81,28015,MS,Carroll
53,16,2,80,28017,MS,Chickasaw
40,5,4,82,28019,MS,Choctaw
44,7,3,98,28021,MS,Claiborne
22,1,2,111,28023,MS,Clarke
22,6,3,82,28025,MS,Clay
94,45,10,122,28027,MS,Coahoma
60,5,3,100,28029,MS,Copiah
35,32,2,111,28031,MS,Covington
106,277,28,465,28033,MS,DeSoto
121,103,15,323,28035,MS,Forrest
52,8,2,68,28037,MS,Franklin
58,10,6,154,28039,MS,George
8,0,2,81,28041,MS,Greene
85,26,18,208,28043,MS,Grenada
169,328,27,902,28045,MS,Hancock
198,946,64,1440,28047,MS,Harrison
126,338,8,543,28049,MS,Hinds
133,68,10,130,28051,MS,Holmes
85,20,13,102,28053,MS,Humphreys
44,5,3,89,28055,MS,Issaquena
67,23,5,136,28057,MS,Itawamba
225,1996,117,1931,28059,MS,Jackson
18,2,1,71,28061,MS,Jasper
52,16,1,95,28063,MS,Jefferson
68,16,4,32,28065,MS,Jefferson Davis
61,12,3,168,28067,MS,Jones
2,0,1,60,28069,MS,Kemper
113,458,48,367,28071,MS,Lafayette
81,116,8,194,28073,MS,Lamar
80,69,15,403,28075,MS,Lauderdale
1,0,-999,27,28077,MS,Lawrence
26,3,2,48,28079,MS,Leake
109,67,15,290,28081,MS,Lee
89,15,8,98,28083,MS,Leflore
54,19,2,90,28085,MS,Lincoln
137,256,17,222,28087,MS,Lowndes
170,309,25,566,28089,MS,Madison
86,31,7,56,28091,MS,Marion
95,126,6,391,28093,MS,Marshall
50,7,3,88,28095,MS,Monroe
6,1,1,74,28097,MS,Montgomery
1,0,1,33,28099,MS,Neshoba
27,6,1,73,28101,MS,Newton
123,94,10,364,28103,MS,Noxubee
128,291,12,340,28105,MS,Oktibbeha
137,201,22,357,28107,MS,Panola
111,113,9,275,28109,MS,Pearl River
43,6,5,116,28111,MS,Perry
42,23,1,129,28113,MS,Pike
41,12,1,84,28115,MS,Pontotoc
69,16,3,59,28117,MS,Prentiss
78,27,13,127,28119,MS,Quitman
127,124,14,348,28121,MS,Rankin
70,19,4,169,28123,MS,Scott
44,6,3,75,28125,MS,Sharkey
96,49,3,79,28127,MS,Simpson
29,4,1,30,28129,MS,Smith
64,25,4,122,28131,MS,Stone
64,20,11,74,28133,MS,Sunflower
72,10,5,127,28135,MS,Tallahatchie
69,14,10,148,28137,MS,Tate
28,19,1,41,28139,MS,Tippah
114,205,25,192,28141,MS,Tishomingo
85,33,26,203,28143,MS,Tunica
66,38,2,103,28145,MS,Union
34,10,2,44,28147,MS,Walthall
108,78,7,393,28149,MS,Warren
96,10,8,205,28151,MS,Washington
6,1,1,57,28153,MS,Wayne
3,0,2,59,28155,MS,Webster
61,19,3,109,28157,MS,Wilkinson
45,9,2,94,28159,MS,Winston
65,26,18,162,28161,MS,Yalobusha
119,39,10,154,28163,MS,Yazoo
102,163,13,204,29001,MO,Adair
67,19,15,182,29003,MO,Andrew
28,11,11,203,29005,MO,Atchison
53,38,11,104,29007,MO,Audrain
52,31,14,364,29009,MO,Barry
96,52,22,349,29011,MO,Barton
85,17,9,212,29013,MO,Bates
107,89,15,285,29015,MO,Benton
125,386,11,168,29017,MO,Bollinger
156,2758,85,1436,29019,MO,Boone
122,316,35,543,29021,MO,Buchanan
73,68,20,178,29023,MO,Butler
53,25,2,145,29025,MO,Caldwell
107,148,24,567,29027,MO,Callaway
84,176,18,530,29029,MO,Camden
112,637,21,399,29031,MO,Cape Girardeau
67,25,5,77,29033,MO,Carroll
75,56,6,207,29035,MO,Carter
121,451,15,358,29037,MO,Cass
117,134,14,251,29039,MO,Cedar
75,21,13,293,29041,MO,Chariton
73,64,7,363,29043,MO,Christian
62,105,12,138,29045,MO,Clark
127,866,26,939,29047,MO,Clay
94,42,8,335,29049,MO,Clinton
116,290,26,397,29051,MO,Cole
95,137,14,389,29053,MO,Cooper
65,32,17,321,29055,MO,Crawford
120,119,13,175,29057,MO,Dade
52,13,9,131,29059,MO,Dallas
84,56,8,148,29061,MO,Daviess
38,6,8,155,29063,MO,DeKalb
52,17,12,165,29065,MO,Dent
26,9,9,71,29067,MO,Douglas
158,387,20,175,29069,MO,Dunklin
95,426,31,763,29071,MO,Franklin
42,25,9,95,29073,MO,Gasconade
24,3,5,40,29075,MO,Gentry
134,641,33,1221,29077,MO,Greene
19,7,3,54,29079,MO,Grundy
38,4,8,320,29081,MO,Harrison
109,110,30,302,29083,MO,Henry
69,23,9,123,29085,MO,Hickory
131,118,26,1048,29087,MO,Holt
75,27,13,207,29089,MO,Howard
59,40,11,161,29091,MO,Howell
77,281,10,179,29093,MO,Iron
136,1844,88,1721,29095,MO,Jackson
104,662,12,476,29097,MO,Jasper
128,896,29,613,29099,MO,Jefferson
124,325,10,308,29101,MO,Johnson
63,19,5,59,29103,MO,Knox
59,28,15,307,29105,MO,Laclede
85,40,19,332,29107,MO,Lafayette
67,37,8,304,29109,MO,Lawrence
56,19,9,182,29111,MO,Lewis
137,294,22,442,29113,MO,Lincoln
68,23,7,247,29115,MO,Linn
83,19,4,205,29117,MO,Livingston
38,12,12,176,29119,MO,McDonald
79,45,15,305,29121,MO,Macon
65,88,6,122,29123,MO,Madison
54,28,6,103,29125,MO,Maries
93,103,19,373,29127,MO,Marion
39,10,6,37,29129,MO,Mercer
88,53,14,250,29131,MO,Miller
108,51,9,322,29133,MO,Mississippi
57,25,7,92,29135,MO,Moniteau
38,32,18,125,29137,MO,Monroe
42,18,6,289,29139,MO,Montgomery
70,42,10,139,29141,MO,Morgan
104,35,9,291,29143,MO,New Madrid
90,222,22,534,29145,MO,Newton
58,22,8,142,29147,MO,Nodaway
62,14,13,228,29149,MO,Oregon
38,17,11,110,29151,MO,Osage
33,11,14,114,29153,MO,Ozark
105,78,21,356,29155,MO,Pemiscot
107,78,9,267,29157,MO,Perry
80,48,20,189,29159,MO,Pettis
115,529,20,471,29161,MO,Phelps
116,132,13,367,29163,MO,Pike
118,447,27,910,29165,MO,Platte
104,48,11,220,29167,MO,Polk
59,44,13,299,29169,MO,Pulaski
90,61,5,56,29171,MO,Putnam
58,25,12,174,29173,MO,Ralls
68,32,10,151,29175,MO,Randolph
55,25,11,110,29177,MO,Ray
76,52,10,192,29179,MO,Reynolds
66,35,11,104,29181,MO,Ripley
154,1776,55,2523,29183,MO,St. Charles
117,97,15,357,29185,MO,St. Clair
82,51,9,282,29186,MO,Ste. Genevieve
92,182,18,228,29187,MO,St. Francois
146,4796,112,3538,29189,MO,St. Louis
114,83,16,424,29195,MO,Saline
44,16,4,49,29197,MO,Schuyler
39,5,3,35,29199,MO,Scotland
92,40,7,235,29201,MO,Scott
84,76,33,325,29203,MO,Shannon
29,14,8,96,29205,MO,Shelby
132,119,15,442,29207,MO,Stoddard
99,107,12,372,29209,MO,Stone
10,2,7,46,29211,MO,Sullivan
101,191,21,723,29213,MO,Taney
102,129,22,173,29215,MO,Texas
111,65,20,403,29217,MO,Vernon
81,54,6,339,29219,MO,Warren
59,31,8,141,29221,MO,Washington
98,46,19,213,29223,MO,Wayne
60,38,3,280,29225,MO,Webster
32,8,4,39,29227,MO,Worth
27,4,7,103,29229,MO,Wright
127,802,28,2133,29510,MO,St. Louis city
86,181,30,938,30001,MT,Beaverhead
90,46,16,683,30003,MT,Big Horn
9,2,3,222,30005,MT,Blaine
63,27,18,490,30007,MT,Broadwater
89,327,20,842,30009,MT,Carbon
4,1,11,195,30011,MT,Carter
100,424,20,1021,30013,MT,Cascade
32,15,7,234,30015,MT,Chouteau
52,11,11,318,30017,MT,Custer
11,2,4,52,30019,MT,Daniels
23,8,5,351,30021,MT,Dawson
119,254,14,566,30023,MT,Deer Lodge
10,3,2,125,30025,MT,Fallon
86,203,19,386,30027,MT,Fergus
140,1279,118,2755,30029,MT,Flathead
129,2266,145,2665,30031,MT,Gallatin
1,1,7,151,30033,MT,Garfield
26,8,88,1966,30035,MT,Glacier
22,4,3,225,30037,MT,Golden Valley
60,27,12,509,30039,MT,Granite
12,3,10,268,30041,MT,Hill
92,651,19,666,30043,MT,Jefferson
40,18,1,208,30045,MT,Judith Basin
129,811,47,1445,30047,MT,Lake
127,1340,58,1032,30049,MT,Lewis and Clark
19,20,3,149,30051,MT,Liberty
99,215,24,490,30053,MT,Lincoln
12,3,2,193,30055,MT,McCone
105,159,56,975,30057,MT,Madison
46,27,9,275,30059,MT,Meagher
73,246,17,430,30061,MT,Mineral
135,2411,142,2288,30063,MT,Missoula
32,3,11,328,30065,MT,Musselshell
92,153,48,1737,30067,MT,Park
36,6,9,135,30069,MT,Petroleum
44,9,26,768,30071,MT,Phillips
32,7,4,228,30073,MT,Pondera
5,0,6,182,30075,MT,Powder River
100,200,16,715,30077,MT,Powell
26,5,3,167,30079,MT,Prairie
122,816,43,1169,30081,MT,Ravalli
28,6,7,167,30083,MT,Richland
19,0,5,240,30085,MT,Roosevelt
29,13,6,310,30087,MT,Rosebud
98,123,29,729,30089,MT,Sanders
4,1,24,388,30091,MT,Sheridan
90,119,9,432,30093,MT,Silver Bow
66,24,20,565,30095,MT,Stillwater
46,25,13,504,30097,MT,Sweet Grass
77,88,14,823,30099,MT,Teton
64,89,10,274,30101,MT,Toole
37,10,5,155,30103,MT,Treasure
45,15,11,461,30105,MT,Valley
12,3,10,366,30107,MT,Wheatland
15,2,2,175,30109,MT,Wibaux
98,643,51,1417,30111,MT,Yellowstone
66,46,11,148,31001,NE,Adams
65,16,9,96,31003,NE,Antelope
5,1,4,62,31005,NE,Arthur
28,15,5,141,31007,NE,Banner
32,15,5,81,31009,NE,Blaine
26,12,5,46,31011,NE,Boone
23,8,4,203,31013,NE,Box Butte
10,2,14,80,31015,NE,Boyd
31,12,12,137,31017,NE,Brown
110,355,40,1672,31019,NE,Buffalo
73,39,7,128,31021,NE,Burt
73,33,8,123,31023,NE,Butler
89,318,23,521,31025,NE,Cass
99,131,19,219,31027,NE,Cedar
61,20,13,107,31029,NE,Chase
76,51,42,642,31031,NE,Cherry
33,17,12,321,31033,NE,Cheyenne
79,194,20,176,31035,NE,Clay
46,46,6,93,31037,NE,Colfax
57,48,6,93,31039,NE,Cuming
65,42,21,205,31041,NE,Custer
87,68,9,154,31043,NE,Dakota
61,120,22,474,31045,NE,Dawes
46,14,14,483,31047,NE,Dawson
38,12,7,324,31049,NE,Deuel
85,130,13,208,31051,NE,Dixon
88,300,6,173,31053,NE,Dodge
126,1121,64,1339,31055,NE,Douglas
70,22,10,210,31057,NE,Dundy
54,19,16,106,31059,NE,Fillmore
57,18,12,77,31061,NE,Franklin
61,20,17,81,31063,NE,Frontier
60,21,10,67,31065,NE,Furnas
65,88,13,187,31067,NE,Gage
79,48,19,348,31069,NE,Garden
54,24,12,136,31071,NE,Garfield
50,12,12,91,31073,NE,Gosper
7,1,9,109,31075,NE,Grant
21,3,9,51,31077,NE,Greeley
110,336,29,1143,31079,NE,Hall
51,29,13,285,31081,NE,Hamilton
64,37,19,258,31083,NE,Harlan
44,12,6,45,31085,NE,Hayes
53,13,14,108,31087,NE,Hitchcock
32,10,11,128,31089,NE,Holt
15,12,5,102,31091,NE,Hooker
44,17,13,84,31093,NE,Howard
72,29,17,81,31095,NE,Jefferson
67,28,9,80,31097,NE,Johnson
72,105,11,428,31099,NE,Kearney
130,206,22,932,31101,NE,Keith
31,19,11,95,31103,NE,Keya Paha
60,26,7,447,31105,NE,Kimball
82,31,19,194,31107,NE,Knox
140,2102,72,1620,31109,NE,Lancaster
119,420,33,953,31111,NE,Lincoln
14,2,5,65,31113,NE,Logan
65,44,20,265,31115,NE,Loup
4,2,5,35,31117,NE,McPherson
88,127,12,128,31119,NE,Madison
67,20,6,109,31121,NE,Merrick
47,32,13,246,31123,NE,Morrill
42,18,14,49,31125,NE,Nance
71,54,23,226,31127,NE,Nemaha
29,8,9,61,31129,NE,Nuckolls
83,172,17,284,31131,NE,Otoe
77,27,14,140,31133,NE,Pawnee
50,11,11,79,31135,NE,Perkins
49,13,11,304,31137,NE,Phelps
60,29,6,89,31139,NE,Pierce
71,36,13,153,31141,NE,Platte
50,13,5,68,31143,NE,Polk
51,16,9,104,31145,NE,Red Willow
44,15,14,211,31147,NE,Richardson
54,43,9,105,31149,NE,Rock
50,29,6,102,31151,NE,Saline
115,572,34,949,31153,NE,Sarpy
105,127,16,258,31155,NE,Saunders
99,185,24,581,31157,NE,Scotts Bluff
97,163,14,418,31159,NE,Seward
32,7,16,234,31161,NE,Sheridan
46,14,16,90,31163,NE,Sherman
56,126,20,408,31165,NE,Sioux
83,64,6,78,31167,NE,Stanton
26,8,5,107,31169,NE,Thayer
33,18,9,198,31171,NE,Thomas
46,5,6,64,31173,NE,Thurston
41,10,8,56,31175,NE,Valley
101,200,16,443,31177,NE,Washington
85,312,9,66,31179,NE,Wayne
64,16,7,82,31181,NE,Webster
25,10,3,65,31183,NE,Wheeler
69,125,16,377,31185,NE,York
132,133,16,734,32001,NV,Churchill
226,3256,178,5831,32003,NV,Clark
130,229,25,1296,32005,NV,Douglas
109,242,55,1428,32007,NV,Elko
42,17,20,339,32009,NV,Esmeralda
7,1,5,316,32011,NV,Eureka
64,47,11,721,32013,NV,Humboldt
29,9,10,428,32015,NV,Lander
126,190,25,654,32017,NV,Lincoln
133,164,25,521,32019,NV,Lyon
80,76,11,282,32021,NV,Mineral
145,537,55,1215,32023,NV,Nye
47,10,5,396,32027,NV,Pershing
91,125,11,238,32029,NV,Storey
183,2259,165,2753,32031,NV,Washoe
69,51,28,1035,32033,NV,White Pine
135,314,20,540,32510,NV,Carson City
96,726,61,858,33001,NH,Belknap
92,1261,97,1718,33003,NH,Carroll
120,2621,100,1399,33005,NH,Cheshire
90,761,157,2336,33007,NH,Coos
98,1403,157,2721,33009,NH,Grafton
116,2809,99,2172,33011,NH,Hillsborough
108,1734,124,1732,33013,NH,Merrimack
173,4591,235,4345,33015,NH,Rockingham
119,2767,71,1391,33017,NH,Strafford
93,410,42,1147,33019,NH,Sullivan
190,2108,63,5393,34001,NJ,Atlantic
150,3874,93,3197,34003,NJ,Bergen
161,3138,127,2564,34005,NJ,Burlington
116,1343,51,1356,34007,NJ,Camden
219,7168,231,8371,34009,NJ,Cape May
153,586,68,1898,34011,NJ,Cumberland
115,1002,50,1749,34013,NJ,Essex
141,1314,54,1398,34015,NJ,Gloucester
135,980,36,1938,34017,NJ,Hudson
143,2381,76,2020,34019,NJ,Hunterdon
137,2732,88,2545,34021,NJ,Mercer
148,2328,108,2829,34023,NJ,Middlesex
182,4916,134,4065,34025,NJ,Monmouth
130,2495,158,3174,34027,NJ,Morris
190,5040,134,4610,34029,NJ,Ocean
121,982,58,1427,34031,NJ,Passaic
133,804,85,1238,34033,NJ,Salem
133,2701,77,2252,34035,NJ,Somerset
128,1012,174,1802,34037,NJ,Sussex
127,1368,64,1286,34039,NJ,Union
134,783,73,1894,34041,NJ,Warren
198,6024,212,5570,35001,NM,Bernalillo
122,160,25,900,35003,NM,Catron
157,265,31,1419,35005,NM,Chaves
86,107,27,818,35006,NM,Cibola
112,185,41,1659,35007,NM,Colfax
113,164,16,389,35009,NM,Curry
102,125,9,434,35011,NM,De Baca
199,1432,60,2137,35013,NM,Dona Ana
200,351,44,2068,35015,NM,Eddy
191,463,54,1588,35017,NM,Grant
97,73,14,891,35019,NM,Guadalupe
66,78,10,162,35021,NM,Harding
144,319,32,2931,35023,NM,Hidalgo
118,130,24,427,35025,NM,Lea
111,129,20,936,35027,NM,Lincoln
127,1918,48,994,35028,NM,Los Alamos
133,109,13,1199,35029,NM,Luna
77,89,9,565,35031,NM,McKinley
106,77,14,582,35033,NM,Mora
156,526,33,1375,35035,NM,Otero
108,80,12,726,35037,NM,Quay
125,278,43,1350,35039,NM,Rio Arriba
97,187,20,576,35041,NM,Roosevelt
171,1538,61,2524,35043,NM,Sandoval
131,276,26,915,35045,NM,San Juan
142,302,36,1426,35047,NM,San Miguel
163,2750,89,3673,35049,NM,Santa Fe
193,636,47,1585,35051,NM,Sierra
201,1629,60,4756,35053,NM,Socorro
125,524,53,1751,35055,NM,Taos
107,188,17,976,35057,NM,Torrance
121,439,17,769,35059,NM,Union
139,417,19,860,35061,NM,Valencia
124,3420,117,1898,36001,NY,Albany
103,510,56,608,36003,NY,Allegany
129,738,69,1962,36005,NY,Bronx
124,2375,114,1506,36007,NY,Broome
113,725,61,873,36009,NY,Cattaraugus
131,985,109,2061,36011,NY,Cayuga
139,1699,128,1318,36013,NY,Chautauqua
107,1083,88,738,36015,NY,Chemung
101,544,44,636,36017,NY,Chenango
97,386,55,969,36019,NY,Clinton
110,1736,92,1344,36021,NY,Columbia
105,409,263,971,36023,NY,Cortland
94,649,39,1045,36025,NY,Delaware
128,4033,151,2339,36027,NY,Dutchess
146,5249,165,3125,36029,NY,Erie
131,1657,176,2574,36031,NY,Essex
91,525,72,1842,36033,NY,Franklin
69,266,19,348,36035,NY,Fulton
119,795,52,1232,36037,NY,Genesee
102,575,52,1075,36039,NY,Greene
70,240,87,1506,36041,NY,Hamilton
93,879,42,905,36043,NY,Herkimer
128,1277,114,1466,36045,NY,Jefferson
171,6346,147,4125,36047,NY,Kings
82,224,21,484,36049,NY,Lewis
124,1606,103,995,36051,NY,Livingston
123,1093,66,992,36053,NY,Madison
158,8024,288,3355,36055,NY,Monroe
99,842,17,637,36057,NY,Montgomery
178,5207,222,3562,36059,NY,Nassau
137,6726,279,8007,36061,NY,New York
135,1558,88,2168,36063,NY,Niagara
114,1233,42,1154,36065,NY,Oneida
142,3847,163,2773,36067,NY,Onondaga
133,2075,140,1414,36069,NY,Ontario
141,4230,154,2843,36071,NY,Orange
125,799,56,715,36073,NY,Orleans
148,2117,92,1513,36075,NY,Oswego
86,500,25,860,36077,NY,Otsego
113,733,76,1207,36079,NY,Putnam
155,3363,140,4167,36081,NY,Queens
123,1655,59,1354,36083,NY,Rensselaer
163,1819,188,1157,36085,NY,Richmond
118,911,45,1978,36087,NY,Rockland
124,1225,93,1459,36089,NY,St. Lawrence
133,3049,114,1971,36091,NY,Saratoga
95,528,30,804,36093,NY,Schenectady
82,478,21,590,36095,NY,Schoharie
110,514,248,1084,36097,NY,Schuyler
139,2087,132,3679,36099,NY,Seneca
95,587,61,971,36101,NY,Steuben
190,9891,613,5475,36103,NY,Suffolk
121,1094,65,1401,36105,NY,Sullivan
110,1059,55,806,36107,NY,Tioga
142,8045,479,5402,36109,NY,Tompkins
133,2742,153,2974,36111,NY,Ulster
100,650,50,1131,36113,NY,Warren
113,855,52,940,36115,NY,Washington
145,1301,110,1875,36117,NY,Wayne
155,5948,299,3660,36119,NY,Westchester
90,405,37,744,36121,NY,Wyoming
121,744,55,671,36123,NY,Yates
101,980,24,596,37001,NC,Alamance
98,154,10,201,37003,NC,Alexander
66,61,15,330,37005,NC,Alleghany
121,110,7,401,37007,NC,Anson
72,111,14,468,37009,NC,Ashe
89,363,34,726,37011,NC,Avery
151,352,21,566,37013,NC,Beaufort
70,30,5,217,37015,NC,Bertie
115,132,14,285,37017,NC,Bladen
211,1329,72,1804,37019,NC,Brunswick
145,3416,88,3579,37021,NC,Buncombe
96,113,27,648,37023,NC,Burke
122,582,23,728,37025,NC,Cabarrus
94,141,16,314,37027,NC,Caldwell
80,67,8,330,37029,NC,Camden
212,1206,74,1803,37031,NC,Carteret
81,82,10,185,37033,NC,Caswell
103,251,27,623,37035,NC,Catawba
139,1324,53,1221,37037,NC,Chatham
74,70,6,290,37039,NC,Cherokee
97,109,5,189,37041,NC,Chowan
68,73,8,196,37043,NC,Clay
122,324,9,318,37045,NC,Cleveland
59,14,5,360,37047,NC,Columbus
152,758,25,791,37049,NC,Craven
114,568,17,748,37051,NC,Cumberland
157,364,22,1613,37053,NC,Currituck
246,3810,130,5331,37055,NC,Dare
100,310,10,493,37057,NC,Davidson
71,47,6,253,37059,NC,Davie
82,61,4,192,37061,NC,Duplin
145,3635,83,2355,37063,NC,Durham
117,130,8,331,37065,NC,Edgecombe
140,2558,58,1381,37067,NC,Forsyth
96,260,4,251,37069,NC,Franklin
113,529,18,616,37071,NC,Gaston
110,166,9,263,37073,NC,Gates
48,27,16,400,37075,NC,Graham
103,139,17,378,37077,NC,Granville
74,34,4,96,37079,NC,Greene
142,2179,54,1616,37081,NC,Guilford
107,92,11,481,37083,NC,Halifax
104,235,9,484,37085,NC,Harnett
123,743,58,1683,37087,NC,Haywood
143,1533,26,1411,37089,NC,Henderson
28,14,4,80,37091,NC,Hertford
83,176,8,198,37093,NC,Hoke
180,451,41,1844,37095,NC,Hyde
93,236,16,873,37097,NC,Iredell
85,218,24,793,37099,NC,Jackson
119,615,15,832,37101,NC,Johnston
88,73,6,248,37103,NC,Jones
84,76,6,231,37105,NC,Lee
70,38,5,184,37107,NC,Lenoir
81,105,7,276,37109,NC,Lincoln
98,283,24,680,37111,NC,McDowell
94,145,29,769,37113,NC,Macon
90,168,18,491,37115,NC,Madison
79,130,4,434,37117,NC,Martin
145,4648,105,3192,37119,NC,Mecklenburg
77,91,11,376,37121,NC,Mitchell
101,103,15,314,37123,NC,Montgomery
116,716,23,1021,37125,NC,Moore
101,84,8,528,37127,NC,Nash
214,1774,70,2077,37129,NC,New Hanover
78,25,11,304,37131,NC,Northampton
160,244,21,752,37133,NC,Onslow
142,4405,66,2015,37135,NC,Orange
158,403,13,242,37137,NC,Pamlico
89,37,3,226,37139,NC,Pasquotank
156,463,23,737,37141,NC,Pender
47,9,1,138,37143,NC,Perquimans
93,108,11,235,37145,NC,Person
124,378,18,477,37147,NC,Pitt
126,507,19,439,37149,NC,Polk
95,118,18,467,37151,NC,Randolph
91,58,10,362,37153,NC,Richmond
96,122,47,488,37155,NC,Robeson
128,525,19,324,37157,NC,Rockingham
100,276,18,610,37159,NC,Rowan
106,176,8,527,37161,NC,Rutherford
109,143,4,180,37163,NC,Sampson
105,187,6,235,37165,NC,Scotland
116,167,23,327,37167,NC,Stanly
63,117,11,316,37169,NC,Stokes
78,112,12,605,37171,NC,Surry
79,92,36,1410,37173,NC,Swain
136,670,58,1132,37175,NC,Transylvania
105,48,9,845,37177,NC,Tyrrell
131,508,22,551,37179,NC,Union
76,53,10,204,37181,NC,Vance
169,9509,167,4279,37183,NC,Wake
78,54,6,201,37185,NC,Warren
127,156,16,819,37187,NC,Washington
115,1056,40,1077,37189,NC,Watauga
101,101,8,281,37191,NC,Wayne
108,163,26,545,37193,NC,Wilkes
108,150,7,348,37195,NC,Wilson
75,51,11,328,37197,NC,Yadkin
86,211,18,910,37199,NC,Yancey
54,25,6,78,38001,ND,Adams
94,218,25,580,38003,ND,Barnes
44,12,16,301,38005,ND,Benson
65,51,42,1248,38007,ND,Billings
66,37,17,225,38009,ND,Bottineau
70,45,17,285,38011,ND,Bowman
29,8,11,494,38013,ND,Burke
104,333,51,838,38015,ND,Burleigh
113,624,39,886,38017,ND,Cass
46,30,7,68,38019,ND,Cavalier
54,8,8,107,38021,ND,Dickey
15,17,14,135,38023,ND,Divide
68,30,15,149,38025,ND,Dunn
41,10,9,131,38027,ND,Eddy
76,26,15,134,38029,ND,Emmons
48,8,5,211,38031,ND,Foster
61,26,10,213,38033,ND,Golden Valley
105,1057,34,540,38035,ND,Grand Forks
45,14,14,80,38037,ND,Grant
57,16,7,78,38039,ND,Griggs
61,12,8,88,38041,ND,Hettinger
59,19,23,834,38043,ND,Kidder
49,24,8,93,38045,ND,LaMoure
19,1,3,80,38047,ND,Logan
71,34,21,424,38049,ND,McHenry
71,16,5,65,38051,ND,McIntosh
54,40,36,572,38053,ND,McKenzie
77,104,35,386,38055,ND,McLean
86,230,18,224,38057,ND,Mercer
65,148,22,486,38059,ND,Morton
82,64,34,212,38061,ND,Mountrail
52,19,13,145,38063,ND,Nelson
52,32,11,143,38065,ND,Oliver
49,43,17,151,38067,ND,Pembina
65,22,5,137,38069,ND,Pierce
33,8,14,292,38071,ND,Ramsey
65,34,16,254,38073,ND,Ransom
63,29,10,150,38075,ND,Renville
73,69,11,259,38077,ND,Richland
37,14,17,158,38079,ND,Rolette
72,71,23,121,38081,ND,Sargent
43,13,9,110,38083,ND,Sheridan
32,10,7,81,38085,ND,Sioux
58,21,12,283,38087,ND,Slope
83,145,20,442,38089,ND,Stark
67,156,7,70,38091,ND,Steele
89,298,55,1131,38093,ND,Stutsman
44,10,5,65,38095,ND,Towner
58,26,8,116,38097,ND,Traill
58,23,10,103,38099,ND,Walsh
87,238,28,573,38101,ND,Ward
49,10,8,135,38103,ND,Wells
85,181,34,312,38105,ND,Williams
92,153,23,544,39001,OH,Adams
127,822,23,501,39003,OH,Allen
109,293,60,955,39005,OH,Ashland
128,480,72,1292,39007,OH,Ashtabula
123,1430,44,797,39009,OH,Athens
79,99,15,424,39011,OH,Auglaize
94,150,18,385,39013,OH,Belmont
102,146,8,271,39015,OH,Brown
136,1593,40,1406,39017,OH,Butler
92,75,20,214,39019,OH,Carroll
116,202,16,334,39021,OH,Champaign
132,831,56,921,39023,OH,Clark
131,1832,47,1102,39025,OH,Clermont
132,648,14,480,39027,OH,Clinton
110,203,45,373,39029,OH,Columbiana
129,473,24,319,39031,OH,Coshocton
70,43,19,293,39033,OH,Crawford
159,8678,224,4486,39035,OH,Cuyahoga
87,134,15,194,39037,OH,Darke
81,75,10,246,39039,OH,Defiance
133,2663,90,2154,39041,OH,Delaware
145,1449,93,2526,39043,OH,Erie
116,803,39,958,39045,OH,Fairfield
89,107,10,397,39047,OH,Fayette
149,9377,274,4912,39049,OH,Franklin
79,130,18,489,39051,OH,Fulton
72,37,15,257,39053,OH,Gallia
124,1940,75,1107,39055,OH,Geauga
127,994,97,1380,39057,OH,Greene
106,229,20,563,39059,OH,Guernsey
140,3188,150,3016,39061,OH,Hamilton
122,372,38,706,39063,OH,Hancock
87,199,9,287,39065,OH,Hardin
108,160,39,270,39067,OH,Harrison
77,65,12,232,39069,OH,Henry
107,162,32,455,39071,OH,Highland
107,250,32,1021,39073,OH,Hocking
129,762,30,768,39075,OH,Holmes
83,195,27,348,39077,OH,Huron
63,40,19,226,39079,OH,Jackson
101,598,10,278,39081,OH,Jefferson
136,463,57,665,39083,OH,Knox
147,2722,101,1927,39085,OH,Lake
111,111,22,194,39087,OH,Lawrence
132,1993,38,1008,39089,OH,Licking
103,527,16,448,39091,OH,Logan
146,3111,82,2116,39093,OH,Lorain
149,3857,157,7138,39095,OH,Lucas
87,161,24,645,39097,OH,Madison
131,1122,58,1012,39099,OH,Mahoning
123,663,41,635,39101,OH,Marion
126,1547,61,1401,39103,OH,Medina
65,30,11,207,39105,OH,Meigs
79,62,26,323,39107,OH,Mercer
88,424,22,513,39109,OH,Miami
49,16,7,131,39111,OH,Monroe
131,2325,54,1784,39113,OH,Montgomery
78,121,22,209,39115,OH,Morgan
97,167,20,452,39117,OH,Morrow
116,594,43,930,39119,OH,Muskingum
96,123,10,224,39121,OH,Noble
134,1546,132,5663,39123,OH,Ottawa
90,12,8,223,39125,OH,Paulding
99,378,11,194,39127,OH,Perry
113,301,38,743,39129,OH,Pickaway
54,38,6,236,39131,OH,Pike
124,1473,67,1309,39133,OH,Portage
106,257,10,695,39135,OH,Preble
83,106,5,137,39137,OH,Putnam
131,1281,82,907,39139,OH,Richland
94,96,29,722,39141,OH,Ross
125,714,59,1285,39143,OH,Sandusky
72,64,31,532,39145,OH,Scioto
100,288,29,367,39147,OH,Seneca
47,26,7,296,39149,OH,Shelby
131,1509,80,1171,39151,OH,Stark
145,4445,133,3111,39153,OH,Summit
121,962,67,892,39155,OH,Trumbull
117,534,27,715,39157,OH,Tuscarawas
119,675,47,675,39159,OH,Union
62,28,7,159,39161,OH,Van Wert
105,143,41,430,39163,OH,Vinton
128,1126,39,1238,39165,OH,Warren
118,426,31,390,39167,OH,Washington
143,2084,62,1235,39169,OH,Wayne
77,138,21,431,39171,OH,Williams
113,547,30,1209,39173,OH,Wood
127,1183,33,1267,39175,OH,Wyandot
73,40,3,63,40001,OK,Adair
140,125,26,658,40003,OK,Alfalfa
49,10,7,168,40005,OK,Atoka
54,21,6,257,40007,OK,Beaver
81,35,8,439,40009,OK,Beckham
83,47,11,196,40011,OK,Blaine
164,137,14,280,40013,OK,Bryan
98,57,19,346,40015,OK,Caddo
157,393,12,700,40017,OK,Canadian
139,259,15,311,40019,OK,Carter
109,141,26,344,40021,OK,Cherokee
59,30,20,125,40023,OK,Choctaw
122,375,48,780,40025,OK,Cimarron
159,1580,44,1001,40027,OK,Cleveland
89,51,5,55,40029,OK,Coal
155,425,139,1109,40031,OK,Comanche
90,29,13,123,40033,OK,Cotton
48,12,2,224,40035,OK,Craig
87,62,17,363,40037,OK,Creek
102,118,18,412,40039,OK,Custer
90,66,16,291,40041,OK,Delaware
40,13,4,108,40043,OK,Dewey
73,36,3,171,40045,OK,Ellis
137,231,6,203,40047,OK,Garfield
67,24,6,230,40049,OK,Garvin
89,71,6,260,40051,OK,Grady
61,20,8,169,40053,OK,Grant
54,15,15,120,40055,OK,Greer
29,6,7,66,40057,OK,Harmon
60,17,3,245,40059,OK,Harper
51,4,7,51,40061,OK,Haskell
60,12,6,60,40063,OK,Hughes
106,107,10,202,40065,OK,Jackson
83,27,11,96,40067,OK,Jefferson
153,192,14,272,40069,OK,Johnston
82,25,15,375,40071,OK,Kay
73,20,6,99,40073,OK,Kingfisher
36,2,16,175,40075,OK,Kiowa
69,20,10,149,40077,OK,Latimer
79,29,60,285,40079,OK,Le Flore
107,64,6,237,40081,OK,Lincoln
101,206,7,332,40083,OK,Logan
54,19,16,291,40085,OK,Love
97,78,4,280,40087,OK,McClain
105,54,24,671,40089,OK,McCurtain
97,45,8,351,40091,OK,McIntosh
37,18,7,174,40093,OK,Major
78,25,19,140,40095,OK,Marshall
90,46,17,289,40097,OK,Mayes
85,44,11,333,40099,OK,Murray
75,18,13,335,40101,OK,Muskogee
107,49,11,514,40103,OK,Noble
25,3,2,76,40105,OK,Nowata
62,5,5,126,40107,OK,Okfuskee
180,2063,84,1988,40109,OK,Oklahoma
114,27,12,214,40111,OK,Okmulgee
146,278,42,725,40113,OK,Osage
81,30,5,335,40115,OK,Ottawa
100,43,13,272,40117,OK,Pawnee
168,1313,49,1121,40119,OK,Payne
93,68,28,248,40121,OK,Pittsburg
68,31,2,119,40123,OK,Pontotoc
91,52,6,227,40125,OK,Pottawatomie
49,10,11,133,40127,OK,Pushmataha
53,16,7,194,40129,OK,Roger Mills
118,197,10,489,40131,OK,Rogers
74,57,5,144,40133,OK,Seminole
132,146,24,646,40135,OK,Sequoyah
110,63,13,98,40137,OK,Stephens
57,44,13,493,40139,OK,Texas
127,77,13,352,40141,OK,Tillman
154,1617,60,1931,40143,OK,Tulsa
110,61,27,309,40145,OK,Wagoner
109,59,18,222,40147,OK,Washington
47,14,8,210,40149,OK,Washita
61,34,8,123,40151,OK,Woods
99,118,15,324,40153,OK,Woodward
122,292,41,803,41001,OR,Baker
172,5411,114,2235,41003,OR,Benton
142,2138,134,2899,41005,OR,Clackamas
180,1456,105,3762,41007,OR,Clatsop
151,1014,58,1506,41009,OR,Columbia
194,1523,105,1816,41011,OR,Coos
134,361,78,813,41013,OR,Crook
166,592,97,1634,41015,OR,Curry
164,4184,304,3907,41017,OR,Deschutes
150,530,102,1824,41019,OR,Douglas
126,239,25,483,41021,OR,Gilliam
101,183,66,771,41023,OR,Grant
157,929,141,2184,41025,OR,Harney
116,397,72,1433,41027,OR,Hood River
187,2726,172,2526,41029,OR,Jackson
128,353,100,1475,41031,OR,Jefferson
143,1005,40,1134,41033,OR,Josephine
179,1071,126,3537,41035,OR,Klamath
145,277,95,1511,41037,OR,Lake
215,9210,455,3591,41039,OR,Lane
185,2367,164,4573,41041,OR,Lincoln
177,2013,111,1686,41043,OR,Linn
116,187,40,894,41045,OR,Malheur
161,2475,85,2450,41047,OR,Marion
124,193,19,697,41049,OR,Morrow
180,9331,270,6437,41051,OR,Multnomah
165,1760,92,1364,41053,OR,Polk
124,344,19,774,41055,OR,Sherman
200,2057,172,3052,41057,OR,Tillamook
167,1268,39,1182,41059,OR,Umatilla
157,1587,40,912,41061,OR,Union
129,733,88,708,41063,OR,Wallowa
158,451,52,1300,41065,OR,Wasco
171,5843,162,3858,41067,OR,Washington
96,98,38,477,41069,OR,Wheeler
138,493,63,902,41071,OR,Yamhill
116,696,52,1507,42001,PA,Adams
131,6819,204,3675,42003,PA,Allegheny
107,796,34,391,42005,PA,Armstrong
112,474,28,731,42007,PA,Beaver
111,561,19,817,42009,PA,Bedford
141,2718,112,2957,42011,PA,Berks
116,542,40,568,42013,PA,Blair
81,246,28,420,42015,PA,Bradford
141,3956,116,3205,42017,PA,Bucks
127,2726,60,1150,42019,PA,Butler
118,639,22,475,42021,PA,Cambria
89,174,12,192,42023,PA,Cameron
119,453,30,864,42025,PA,Carbon
131,3979,195,2012,42027,PA,Centre
148,6790,168,4036,42029,PA,Chester
92,321,41,641,42031,PA,Clarion
119,439,38,683,42033,PA,Clearfield
123,951,44,536,42035,PA,Clinton
85,257,25,486,42037,PA,Columbia
133,1555,69,1201,42039,PA,Crawford
136,2862,82,1978,42041,PA,Cumberland
129,1520,94,2091,42043,PA,Dauphin
132,3736,80,2767,42045,PA,Delaware
89,401,23,408,42047,PA,Elk
142,2000,119,2500,42049,PA,Erie
116,556,40,892,42051,PA,Fayette
91,299,31,357,42053,PA,Forest
136,1305,61,1066,42055,PA,Franklin
90,287,18,448,42057,PA,Fulton
74,119,13,304,42059,PA,Greene
130,1544,69,932,42061,PA,Huntingdon
109,1263,34,629,42063,PA,Indiana
73,111,13,392,42065,PA,Jefferson
113,576,27,376,42067,PA,Juniata
109,1116,41,859,42069,PA,Lackawanna
148,4375,183,3341,42071,PA,Lancaster
112,1289,30,708,42073,PA,Lawrence
127,1247,63,1358,42075,PA,Lebanon
135,1533,72,1637,42077,PA,Lehigh
132,2738,63,1279,42079,PA,Luzerne
122,1100,67,732,42081,PA,Lycoming
105,1067,34,481,42083,PA,McKean
123,1247,65,764,42085,PA,Mercer
111,395,31,382,42087,PA,Mifflin
110,1516,63,1503,42089,PA,Monroe
143,8645,204,3994,42091,PA,Montgomery
104,208,16,465,42093,PA,Montour
132,2377,87,1537,42095,PA,Northampton
114,333,19,472,42097,PA,Northumberland
109,369,38,814,42099,PA,Perry
148,5031,114,4408,42101,PA,Philadelphia
100,600,53,1261,42103,PA,Pike
73,150,25,339,42105,PA,Potter
116,718,40,1757,42107,PA,Schuylkill
99,126,27,360,42109,PA,Snyder
114,465,33,1002,42111,PA,Somerset
66,48,33,302,42113,PA,Sullivan
94,656,30,600,42115,PA,Susquehanna
105,909,47,873,42117,PA,Tioga
99,472,33,587,42119,PA,Union
84,206,26,436,42121,PA,Venango
105,325,30,531,42123,PA,Warren
107,785,35,965,42125,PA,Washington
106,609,52,636,42127,PA,Wayne
120,1369,61,1738,42129,PA,Westmoreland
82,221,10,276,42131,PA,Wyoming
134,3009,87,1906,42133,PA,York
124,615,37,739,44001,RI,Bristol
128,1011,40,1008,44003,RI,Kent
147,1384,92,2729,44005,RI,Newport
137,2091,109,2295,44007,RI,Providence
171,2759,177,3065,44009,RI,Washington
97,280,5,230,45001,SC,Abbeville
146,1294,23,679,45003,SC,Aiken
98,39,5,211,45005,SC,Allendale
149,1150,23,796,45007,SC,Anderson
87,57,1,94,45009,SC,Bamberg
97,71,5,194,45011,SC,Barnwell
207,2909,63,3387,45013,SC,Beaufort
169,965,26,1059,45015,SC,Berkeley
98,79,2,344,45017,SC,Calhoun
230,5306,150,5945,45019,SC,Charleston
93,141,4,301,45021,SC,Cherokee
71,32,5,293,45023,SC,Chester
104,84,7,548,45025,SC,Chesterfield
160,458,9,1156,45027,SC,Clarendon
208,748,16,1864,45029,SC,Colleton
100,172,7,251,45031,SC,Darlington
86,45,2,389,45033,SC,Dillon
146,737,13,1371,45035,SC,Dorchester
90,63,3,145,45037,SC,Edgefield
94,60,4,241,45039,SC,Fairfield
103,189,7,511,45041,SC,Florence
216,1796,39,2836,45043,SC,Georgetown
137,2847,58,1862,45045,SC,Greenville
113,334,5,214,45047,SC,Greenwood
115,97,2,547,45049,SC,Hampton
193,1298,35,2183,45051,SC,Horry
165,258,21,2728,45053,SC,Jasper
107,382,13,282,45055,SC,Kershaw
106,153,6,255,45057,SC,Lancaster
97,133,8,297,45059,SC,Laurens
101,71,5,220,45061,SC,Lee
145,1413,15,1072,45063,SC,Lexington
84,58,10,257,45065,SC,McCormick
70,19,4,164,45067,SC,Marion
87,52,3,171,45069,SC,Marlboro
111,191,8,353,45071,SC,Newberry
117,564,24,752,45073,SC,Oconee
137,923,6,1024,45075,SC,Orangeburg
126,624,20,1176,45077,SC,Pickens
147,1611,32,2009,45079,SC,Richland
105,141,2,102,45081,SC,Saluda
118,557,23,797,45083,SC,Spartanburg
112,106,8,480,45085,SC,Sumter
74,30,9,81,45087,SC,Union
124,192,4,204,45089,SC,Williamsburg
117,962,19,805,45091,SC,York
40,10,5,360,46003,SD,Aurora
68,160,2,103,46005,SD,Beadle
80,40,4,191,46007,SD,Bennett
34,10,9,100,46009,SD,Bon Homme
86,215,27,283,46011,SD,Brookings
87,115,42,308,46013,SD,Brown
53,18,8,408,46015,SD,Brule
9,5,1,61,46017,SD,Buffalo
53,37,6,423,46019,SD,Butte
12,7,3,79,46021,SD,Campbell
99,106,10,219,46023,SD,Charles Mix
2,1,3,84,46025,SD,Clark
78,60,12,205,46027,SD,Clay
66,29,7,201,46029,SD,Codington
19,2,2,85,46031,SD,Corson
45,45,50,2199,46033,SD,Custer
41,13,4,307,46035,SD,Davison
21,2,13,205,46037,SD,Day
13,3,8,159,46039,SD,Deuel
8,3,2,56,46041,SD,Dewey
77,122,2,60,46043,SD,Douglas
33,6,3,82,46045,SD,Edmunds
62,51,16,488,46047,SD,Fall River
43,11,6,50,46049,SD,Faulk
37,5,14,160,46051,SD,Grant
18,9,4,93,46053,SD,Gregory
10,2,3,99,46055,SD,Haakon
49,13,2,90,46057,SD,Hamlin
59,31,5,80,46059,SD,Hand
12,2,2,197,46061,SD,Hanson
65,73,5,312,46063,SD,Harding
106,196,12,326,46065,SD,Hughes
32,6,2,87,46067,SD,Hutchinson
42,24,6,76,46069,SD,Hyde
34,29,15,1779,46071,SD,Jackson
4,2,2,50,46073,SD,Jerauld
24,13,7,371,46075,SD,Jones
7,0,4,113,46077,SD,Kingsbury
60,32,5,109,46079,SD,Lake
58,77,14,1075,46081,SD,Lawrence
73,74,19,341,46083,SD,Lincoln
63,29,10,581,46085,SD,Lyman
47,8,1,352,46087,SD,McCook
80,36,10,86,46089,SD,McPherson
60,18,7,119,46091,SD,Marshall
59,49,11,454,46093,SD,Meade
0,0,-999,72,46095,SD,Mellette
23,5,1,52,46097,SD,Miner
103,530,34,880,46099,SD,Minnehaha
57,65,3,129,46101,SD,Moody
85,473,49,2458,46103,SD,Pennington
38,15,12,148,46105,SD,Perkins
19,6,3,71,46107,SD,Potter
74,79,8,237,46109,SD,Roberts
71,42,2,46,46111,SD,Sanborn
12,2,1,147,46113,SD,Shannon
50,23,5,109,46115,SD,Spink
93,120,10,257,46117,SD,Stanley
65,22,7,105,46119,SD,Sully
9,1,1,92,46121,SD,Todd
27,7,8,81,46123,SD,Tripp
19,4,3,60,46125,SD,Turner
56,13,8,308,46127,SD,Union
34,11,8,114,46129,SD,Walworth
91,227,16,304,46135,SD,Yankton
13,2,1,51,46137,SD,Ziebach
105,419,33,960,47001,TN,Anderson
82,245,10,158,47003,TN,Bedford
110,82,15,271,47005,TN,Benton
107,224,7,199,47007,TN,Bledsoe
153,2379,53,1900,47009,TN,Blount
113,278,14,480,47011,TN,Bradley
102,168,19,732,47013,TN,Campbell
75,76,3,81,47015,TN,Cannon
80,15,8,109,47017,TN,Carroll
94,288,39,622,47019,TN,Carter
75,63,13,369,47021,TN,Cheatham
70,26,7,75,47023,TN,Chester
57,24,1,135,47025,TN,Claiborne
70,33,5,80,47027,TN,Clay
85,55,14,625,47029,TN,Cocke
116,275,18,477,47031,TN,Coffee
75,18,6,89,47033,TN,Crockett
99,211,8,571,47035,TN,Cumberland
158,3689,89,3253,47037,TN,Davidson
45,15,4,139,47039,TN,Decatur
96,50,8,227,47041,TN,DeKalb
80,77,6,365,47043,TN,Dickson
109,75,32,265,47045,TN,Dyer
109,329,15,355,47047,TN,Fayette
63,36,4,108,47049,TN,Fentress
134,371,35,435,47051,TN,Franklin
128,253,21,105,47053,TN,Gibson
53,43,4,195,47055,TN,Giles
107,167,4,210,47057,TN,Grainger
107,196,14,416,47059,TN,Greene
73,50,9,233,47061,TN,Grundy
91,116,4,246,47063,TN,Hamblen
172,2964,82,1837,47065,TN,Hamilton
0,0,2,44,47067,TN,Hancock
14,4,6,79,47069,TN,Hardeman
135,206,17,329,47071,TN,Hardin
125,502,8,173,47073,TN,Hawkins
105,82,7,349,47075,TN,Haywood
103,69,16,252,47077,TN,Henderson
134,270,26,354,47079,TN,Henry
122,71,8,184,47081,TN,Hickman
71,14,2,66,47083,TN,Houston
152,254,30,517,47085,TN,Humphreys
47,15,4,87,47087,TN,Jackson
102,201,8,497,47089,TN,Jefferson
77,128,11,217,47091,TN,Johnson
149,4444,71,2502,47093,TN,Knox
150,304,62,430,47095,TN,Lake
121,53,26,162,47097,TN,Lauderdale
75,23,4,142,47099,TN,Lawrence
70,56,8,133,47101,TN,Lewis
103,177,9,147,47103,TN,Lincoln
106,211,16,592,47105,TN,Loudon
74,92,8,328,47107,TN,McMinn
75,31,2,115,47109,TN,McNairy
29,3,5,54,47111,TN,Macon
104,176,18,353,47113,TN,Madison
109,186,28,594,47115,TN,Marion
66,120,3,201,47117,TN,Marshall
110,270,14,382,47119,TN,Maury
106,134,7,900,47121,TN,Meigs
103,112,12,437,47123,TN,Monroe
139,771,18,584,47125,TN,Montgomery
58,15,6,93,47127,TN,Moore
64,35,12,214,47129,TN,Morgan
107,54,42,389,47131,TN,Obion
42,17,2,108,47133,TN,Overton
118,73,12,95,47135,TN,Perry
74,39,6,97,47137,TN,Pickett
113,208,14,311,47139,TN,Polk
100,323,6,427,47141,TN,Putnam
111,83,10,498,47143,TN,Rhea
128,255,16,503,47145,TN,Roane
78,75,11,397,47147,TN,Robertson
136,1214,45,864,47149,TN,Rutherford
80,378,13,157,47151,TN,Scott
94,100,4,169,47153,TN,Sequatchie
137,709,50,2370,47155,TN,Sevier
172,3004,108,2307,47157,TN,Shelby
89,20,5,253,47159,TN,Smith
119,121,24,376,47161,TN,Stewart
135,1508,63,834,47163,TN,Sullivan
134,926,56,614,47165,TN,Sumner
87,84,7,135,47167,TN,Tipton
13,4,4,40,47169,TN,Trousdale
46,54,12,316,47171,TN,Unicoi
86,66,6,139,47173,TN,Union
53,22,6,218,47175,TN,Van Buren
93,112,4,154,47177,TN,Warren
118,714,37,474,47179,TN,Washington
59,37,4,85,47181,TN,Wayne
76,127,13,95,47183,TN,Weakley
85,32,9,173,47185,TN,White
138,1922,46,1085,47187,TN,Williamson
118,315,30,602,47189,TN,Wilson
120,65,14,328,48001,TX,Anderson
3,0,3,160,48003,TX,Andrews
141,480,12,589,48005,TX,Angelina
262,1877,64,6613,48007,TX,Aransas
145,152,9,221,48009,TX,Archer
44,20,2,242,48011,TX,Armstrong
134,125,12,923,48013,TX,Atascosa
163,474,15,814,48015,TX,Austin
54,49,12,504,48017,TX,Bailey
164,311,24,2188,48019,TX,Bandera
190,893,48,1453,48021,TX,Bastrop
34,2,7,188,48023,TX,Baylor
131,316,5,660,48025,TX,Bee
214,860,61,1101,48027,TX,Bell
253,5261,180,5919,48029,TX,Bexar
153,810,19,1702,48031,TX,Blanco
40,6,3,99,48033,TX,Borden
131,245,18,392,48035,TX,Bosque
120,309,15,502,48037,TX,Bowie
291,2761,81,3148,48039,TX,Brazoria
210,2485,66,1040,48041,TX,Brazos
216,1221,114,4595,48043,TX,Brewster
99,49,9,352,48045,TX,Briscoe
132,227,8,1297,48047,TX,Brooks
97,54,10,342,48049,TX,Brown
155,308,10,484,48051,TX,Burleson
196,1197,42,2131,48053,TX,Burnet
141,350,18,672,48055,TX,Caldwell
239,466,42,2072,48057,TX,Calhoun
81,32,5,282,48059,TX,Callahan
318,5770,175,9683,48061,TX,Cameron
118,59,6,135,48063,TX,Camp
58,30,4,374,48065,TX,Carson
93,53,9,321,48067,TX,Cass
51,27,8,151,48069,TX,Castro
253,1138,61,4819,48071,TX,Chambers
126,104,12,264,48073,TX,Cherokee
61,28,4,269,48075,TX,Childress
111,61,3,373,48077,TX,Clay
47,18,8,171,48079,TX,Cochran
88,32,11,239,48081,TX,Coke
98,36,9,263,48083,TX,Coleman
177,2576,73,1760,48085,TX,Collin
56,17,2,118,48087,TX,Collingsworth
187,449,21,2017,48089,TX,Colorado
199,1537,54,2025,48091,TX,Comal
103,54,4,200,48093,TX,Comanche
106,45,9,298,48095,TX,Concho
117,106,13,396,48097,TX,Cooke
151,156,21,549,48099,TX,Coryell
66,19,4,125,48101,TX,Cottle
19,3,4,169,48103,TX,Crane
96,89,14,625,48105,TX,Crockett
161,201,15,201,48107,TX,Crosby
112,167,30,1767,48109,TX,Culberson
91,713,8,555,48111,TX,Dallam
215,3587,161,4156,48113,TX,Dallas
68,31,8,223,48115,TX,Dawson
63,29,9,270,48117,TX,Deaf Smith
110,47,2,154,48119,TX,Delta
176,2127,73,2140,48121,TX,Denton
153,154,6,364,48123,TX,DeWitt
72,24,4,148,48125,TX,Dickens
96,38,8,399,48127,TX,Dimmit
62,29,3,379,48129,TX,Donley
108,130,6,451,48131,TX,Duval
95,28,3,316,48133,TX,Eastland
62,11,5,440,48135,TX,Ector
115,132,10,421,48137,TX,Edwards
143,583,18,715,48139,TX,Ellis
198,980,32,1719,48141,TX,El Paso
117,83,8,352,48143,TX,Erath
120,89,10,314,48145,TX,Falls
97,31,10,247,48147,TX,Fannin
127,143,30,745,48149,TX,Fayette
92,64,3,147,48151,TX,Fisher
59,21,13,155,48153,TX,Floyd
28,13,4,120,48155,TX,Foard
237,3125,73,3078,48157,TX,Fort Bend
105,197,9,205,48159,TX,Franklin
134,80,5,501,48161,TX,Freestone
124,128,7,507,48163,TX,Frio
29,9,5,161,48165,TX,Gaines
308,5914,126,7276,48167,TX,Galveston
87,38,9,328,48169,TX,Garza
142,237,16,1271,48171,TX,Gillespie
74,22,1,173,48173,TX,Glasscock
152,200,9,758,48175,TX,Goliad
151,353,9,979,48177,TX,Gonzales
69,36,11,397,48179,TX,Gray
184,540,30,1322,48181,TX,Grayson
95,80,14,308,48183,TX,Gregg
137,153,18,435,48185,TX,Grimes
169,747,26,1828,48187,TX,Guadalupe
106,129,18,246,48189,TX,Hale
52,28,5,234,48191,TX,Hall
114,156,9,217,48193,TX,Hamilton
82,38,5,153,48195,TX,Hansford
70,19,5,350,48197,TX,Hardeman
131,178,20,1027,48199,TX,Hardin
290,10876,315,7494,48201,TX,Harris
119,113,7,572,48203,TX,Harrison
80,54,2,421,48205,TX,Hartley
111,17,6,149,48207,TX,Haskell
198,1497,61,2120,48209,TX,Hays
77,22,5,194,48211,TX,Hemphill
118,295,22,470,48213,TX,Henderson
297,7073,115,9932,48215,TX,Hidalgo
127,129,26,517,48217,TX,Hill
57,35,16,225,48219,TX,Hockley
121,156,8,304,48221,TX,Hood
130,71,7,294,48223,TX,Hopkins
109,86,10,309,48225,TX,Houston
90,46,9,431,48227,TX,Howard
123,67,14,694,48229,TX,Hudspeth
123,195,12,573,48231,TX,Hunt
104,69,9,265,48233,TX,Hutchinson
121,203,3,128,48235,TX,Irion
103,72,7,203,48237,TX,Jack
184,270,21,976,48239,TX,Jackson
125,384,18,931,48241,TX,Jasper
139,451,47,2835,48243,TX,Jeff Davis
265,1082,46,2971,48245,TX,Jefferson
126,86,9,435,48247,TX,Jim Hogg
168,117,10,930,48249,TX,Jim Wells
173,708,20,676,48251,TX,Johnson
121,75,7,260,48253,TX,Jones
144,177,6,413,48255,TX,Karnes
140,94,7,618,48257,TX,Kaufman
199,1504,30,1250,48259,TX,Kendall
165,188,12,3348,48261,TX,Kenedy
51,13,1,100,48263,TX,Kent
186,993,39,1874,48265,TX,Kerr
165,340,20,1872,48267,TX,Kimble
34,11,3,102,48269,TX,King
179,297,11,870,48271,TX,Kinney
232,597,41,3612,48273,TX,Kleberg
93,21,3,157,48275,TX,Knox
108,57,8,221,48277,TX,Lamar
46,9,14,232,48279,TX,Lamb
118,172,8,370,48281,TX,Lampasas
111,54,7,436,48283,TX,La Salle
122,85,7,320,48285,TX,Lavaca
134,83,12,518,48287,TX,Lee
114,60,5,371,48289,TX,Leon
176,350,18,759,48291,TX,Liberty
113,55,9,306,48293,TX,Limestone
38,23,4,130,48295,TX,Lipscomb
167,210,16,1472,48297,TX,Live Oak
158,356,24,961,48299,TX,Llano
12,3,5,127,48301,TX,Loving
184,1299,74,901,48303,TX,Lubbock
47,52,19,278,48305,TX,Lynn
78,20,4,260,48307,TX,McCulloch
182,1257,38,1036,48309,TX,McLennan
206,773,8,1856,48311,TX,McMullen
117,63,5,262,48313,TX,Madison
107,79,14,323,48315,TX,Marion
43,28,6,191,48317,TX,Martin
115,56,11,323,48319,TX,Mason
232,325,52,1332,48321,TX,Matagorda
148,126,8,337,48323,TX,Maverick
163,192,16,861,48325,TX,Medina
93,49,7,309,48327,TX,Menard
141,535,16,603,48329,TX,Midland
141,255,16,429,48331,TX,Milam
114,106,7,224,48333,TX,Mills
70,19,4,352,48335,TX,Mitchell
107,58,5,256,48337,TX,Montague
185,2371,41,2514,48339,TX,Montgomery
92,27,9,310,48341,TX,Moore
124,101,9,272,48343,TX,Morris
47,18,7,121,48345,TX,Motley
134,338,22,532,48347,TX,Nacogdoches
137,58,16,504,48349,TX,Navarro
91,35,9,166,48351,TX,Newton
125,67,9,397,48353,TX,Nolan
291,2933,98,6054,48355,TX,Nueces
56,25,6,163,48357,TX,Ochiltree
66,31,1,421,48359,TX,Oldham
152,270,14,610,48361,TX,Orange
160,226,9,418,48363,TX,Palo Pinto
93,38,10,214,48365,TX,Panola
140,273,12,647,48367,TX,Parker
60,24,4,229,48369,TX,Parmer
86,49,18,1172,48371,TX,Pecos
147,380,18,580,48373,TX,Polk
137,266,15,1020,48375,TX,Potter
154,210,36,1006,48377,TX,Presidio
100,45,8,357,48379,TX,Rains
150,685,24,1409,48381,TX,Randall
43,15,3,129,48383,TX,Reagan
123,233,10,573,48385,TX,Real
109,45,5,121,48387,TX,Red River
145,151,12,1700,48389,TX,Reeves
186,175,21,2098,48391,TX,Refugio
72,25,1,110,48393,TX,Roberts
141,118,15,372,48395,TX,Robertson
110,221,9,419,48397,TX,Rockwall
137,76,8,294,48399,TX,Runnels
116,117,5,279,48401,TX,Rusk
99,132,7,163,48403,TX,Sabine
96,40,12,225,48405,TX,San Augustine
124,163,20,487,48407,TX,San Jacinto
241,634,37,2263,48409,TX,San Patricio
143,378,8,509,48411,TX,San Saba
82,25,7,184,48413,TX,Schleicher
59,29,8,308,48415,TX,Scurry
81,27,6,133,48417,TX,Shackelford
112,108,8,163,48419,TX,Shelby
39,22,2,225,48421,TX,Sherman
144,325,27,758,48423,TX,Smith
124,398,11,527,48425,TX,Somervell
214,860,32,5113,48427,TX,Starr
104,20,3,157,48429,TX,Stephens
83,32,5,181,48431,TX,Sterling
67,20,4,121,48433,TX,Stonewall
102,66,8,601,48435,TX,Sutton
49,19,3,209,48437,TX,Swisher
221,4337,199,4078,48439,TX,Tarrant
180,518,35,733,48441,TX,Taylor
103,35,12,586,48443,TX,Terrell
66,28,8,223,48445,TX,Terry
63,11,5,167,48447,TX,Throckmorton
116,73,4,284,48449,TX,Titus
189,919,39,629,48451,TX,Tom Green
261,8812,333,7102,48453,TX,Travis
123,107,11,204,48455,TX,Trinity
100,137,10,636,48457,TX,Tyler
131,183,10,203,48459,TX,Upshur
32,6,5,144,48461,TX,Upton
198,416,39,2111,48463,TX,Uvalde
195,201,41,1535,48465,TX,Val Verde
131,110,7,530,48467,TX,Van Zandt
236,653,21,1074,48469,TX,Victoria
144,335,29,935,48471,TX,Walker
197,965,41,1044,48473,TX,Waller
67,31,7,418,48475,TX,Ward
158,379,12,592,48477,TX,Washington
179,232,30,2076,48479,TX,Webb
174,142,20,654,48481,TX,Wharton
52,20,4,334,48483,TX,Wheeler
158,388,13,521,48485,TX,Wichita
59,16,5,264,48487,TX,Wilbarger
212,208,31,1768,48489,TX,Willacy
244,3356,128,2527,48491,TX,Williamson
134,163,12,453,48493,TX,Wilson
23,3,4,130,48495,TX,Winkler
138,236,23,415,48497,TX,Wise
142,261,13,345,48499,TX,Wood
34,13,6,185,48501,TX,Yoakum
111,31,7,169,48503,TX,Young
163,180,19,2748,48505,TX,Zapata
100,49,7,292,48507,TX,Zavala
106,217,21,439,49001,UT,Beaver
163,730,89,3150,49003,UT,Box Elder
138,633,206,1315,49005,UT,Cache
83,128,27,434,49007,UT,Carbon
46,14,25,413,49009,UT,Daggett
178,1750,75,4067,49011,UT,Davis
85,58,35,555,49013,UT,Duchesne
105,129,38,891,49015,UT,Emery
128,242,102,2808,49017,UT,Garfield
113,606,98,2811,49019,UT,Grand
124,452,72,1174,49021,UT,Iron
107,90,23,684,49023,UT,Juab
129,225,59,1883,49025,UT,Kane
92,77,39,817,49027,UT,Millard
107,212,28,700,49029,UT,Morgan
54,23,12,269,49031,UT,Piute
76,42,29,658,49033,UT,Rich
181,6404,255,4251,49035,UT,Salt Lake
91,191,107,2106,49037,UT,San Juan
90,121,29,328,49039,UT,Sanpete
53,25,20,577,49041,UT,Sevier
125,604,88,1883,49043,UT,Summit
102,151,75,946,49045,UT,Tooele
123,412,54,936,49047,UT,Uintah
186,3161,242,2471,49049,UT,Utah
124,417,76,1222,49051,UT,Wasatch
200,1998,188,4488,49053,UT,Washington
75,100,54,1107,49055,UT,Wayne
139,788,82,1269,49057,UT,Weber
138,4366,121,2036,50001,VT,Addison
90,813,67,1165,50003,VT,Bennington
83,496,65,865,50005,VT,Caledonia
128,5343,150,3372,50007,VT,Chittenden
68,316,57,1149,50009,VT,Essex
101,1056,60,1088,50011,VT,Franklin
108,527,36,743,50013,VT,Grand Isle
82,700,58,1082,50015,VT,Lamoille
96,1014,58,922,50017,VT,Orange
88,553,68,860,50019,VT,Orleans
100,3096,131,1478,50021,VT,Rutland
92,2106,115,1603,50023,VT,Washington
121,2241,75,1570,50025,VT,Windham
110,3605,120,2003,50027,VT,Windsor
185,1911,93,4208,51001,VA,Accomack
135,2256,151,1753,51003,VA,Albemarle
67,40,24,268,51005,VA,Alleghany
81,61,11,151,51007,VA,Amelia
116,421,29,465,51009,VA,Amherst
72,57,12,215,51011,VA,Appomattox
111,1404,48,2245,51013,VA,Arlington
139,1125,111,1426,51015,VA,Augusta
82,193,32,363,51017,VA,Bath
122,533,35,756,51019,VA,Bedford
52,15,13,296,51021,VA,Bland
123,540,33,948,51023,VA,Botetourt
59,15,12,167,51025,VA,Brunswick
70,120,16,93,51027,VA,Buchanan
90,118,17,210,51029,VA,Buckingham
71,69,17,257,51031,VA,Campbell
106,214,22,506,51033,VA,Caroline
62,73,19,446,51035,VA,Carroll
118,106,19,417,51036,VA,Charles City
73,16,13,149,51037,VA,Charlotte
137,1890,39,1716,51041,VA,Chesterfield
106,503,28,1020,51043,VA,Clarke
68,63,12,198,51045,VA,Craig
119,920,25,525,51047,VA,Culpeper
93,129,18,173,51049,VA,Cumberland
63,33,9,86,51051,VA,Dickenson
87,43,10,206,51053,VA,Dinwiddie
109,112,7,246,51057,VA,Essex
156,9644,242,6455,51059,VA,Fairfax
135,1640,78,1688,51061,VA,Fauquier
65,104,12,274,51063,VA,Floyd
114,476,40,282,51065,VA,Fluvanna
94,244,24,355,51067,VA,Franklin
131,655,25,793,51069,VA,Frederick
96,272,29,434,51071,VA,Giles
135,1048,28,424,51073,VA,Gloucester
95,122,13,345,51075,VA,Goochland
75,145,28,518,51077,VA,Grayson
88,184,20,569,51079,VA,Greene
26,12,10,239,51081,VA,Greensville
91,190,24,209,51083,VA,Halifax
101,689,26,832,51085,VA,Hanover
130,1717,45,1396,51087,VA,Henrico
89,164,15,162,51089,VA,Henry
86,124,28,545,51091,VA,Highland
137,254,21,462,51093,VA,Isle of Wight
141,1127,46,1549,51095,VA,James City
102,71,15,151,51097,VA,King and Queen
114,226,11,469,51099,VA,King George
111,117,18,288,51101,VA,King William
100,192,18,289,51103,VA,Lancaster
70,60,8,177,51105,VA,Lee
137,2709,83,2700,51107,VA,Loudoun
102,191,22,462,51109,VA,Louisa
86,69,7,102,51111,VA,Lunenburg
100,396,33,1155,51113,VA,Madison
119,169,22,300,51115,VA,Mathews
125,384,33,493,51117,VA,Mecklenburg
103,134,19,246,51119,VA,Middlesex
133,2355,74,1068,51121,VA,Montgomery
102,240,45,731,51125,VA,Nelson
107,188,22,435,51127,VA,New Kent
187,848,70,2501,51131,VA,Northampton
111,204,11,360,51133,VA,Northumberland
84,56,9,149,51135,VA,Nottoway
85,261,17,377,51137,VA,Orange
106,304,63,1253,51139,VA,Page
78,97,19,253,51141,VA,Patrick
78,92,15,234,51143,VA,Pittsylvania
98,210,11,360,51145,VA,Powhatan
122,1071,41,271,51147,VA,Prince Edward
104,69,16,459,51149,VA,Prince George
147,2835,83,2584,51153,VA,Prince William
117,387,20,474,51155,VA,Pulaski
106,324,16,591,51157,VA,Rappahannock
98,183,18,272,51159,VA,Richmond
110,565,38,654,51161,VA,Roanoke
117,299,30,872,51163,VA,Rockbridge
138,2257,89,1430,51165,VA,Rockingham
56,19,13,168,51167,VA,Russell
39,22,15,164,51169,VA,Scott
112,554,37,770,51171,VA,Shenandoah
97,222,20,506,51173,VA,Smyth
51,13,10,240,51175,VA,Southampton
110,690,24,829,51177,VA,Spotsylvania
126,582,22,881,51179,VA,Stafford
137,129,10,551,51181,VA,Surry
93,121,21,763,51183,VA,Sussex
107,185,23,264,51185,VA,Tazewell
86,175,31,1060,51187,VA,Warren
79,113,27,584,51191,VA,Washington
120,202,19,482,51193,VA,Westmoreland
55,35,23,162,51195,VA,Wise
92,106,19,684,51197,VA,Wythe
127,896,29,1140,51199,VA,York
109,1058,30,1526,51510,VA,Alexandria city
0,0,-999,0,51515,VA,Bedford city
57,28,4,236,51520,VA,Bristol city
59,15,3,97,51530,VA,Buena Vista city
93,667,36,571,51540,VA,Charlottesville city
129,546,37,1088,51550,VA,Chesapeake city
68,47,10,205,51570,VA,Colonial Heights city
5,0,5,75,51580,VA,Covington city
74,80,15,184,51590,VA,Danville city
22,2,5,166,51595,VA,Emporia city
67,314,6,248,51600,VA,Fairfax city
41,24,9,168,51610,VA,Falls Church city
39,18,7,82,51620,VA,Franklin city
81,216,16,536,51630,VA,Fredericksburg city
30,4,6,73,51640,VA,Galax city
155,579,28,1105,51650,VA,Hampton city
83,611,13,514,51660,VA,Harrisonburg city
82,96,8,159,51670,VA,Hopewell city
58,35,8,138,51678,VA,Lexington city
88,271,18,327,51680,VA,Lynchburg city
76,121,10,219,51683,VA,Manassas city
48,7,5,69,51685,VA,Manassas Park city
75,186,9,73,51690,VA,Martinsville city
132,739,31,855,51700,VA,Newport News city
145,1034,39,1165,51710,VA,Norfolk city
5,2,3,52,51720,VA,Norton city
64,33,13,193,51730,VA,Petersburg city
118,146,7,272,51735,VA,Poquoson city
140,145,10,645,51740,VA,Portsmouth city
91,461,7,210,51750,VA,Radford city
119,1147,43,1483,51760,VA,Richmond city
109,544,37,442,51770,VA,Roanoke city
68,74,11,236,51775,VA,Salem city
107,296,7,503,51790,VA,Staunton city
136,478,35,1314,51800,VA,Suffolk city
214,4112,140,3543,51810,VA,Virginia Beach city
83,179,12,340,51820,VA,Waynesboro city
99,265,16,723,51830,VA,Williamsburg city
82,189,11,228,51840,VA,Winchester city
101,184,39,1175,53001,WA,Adams
124,193,46,437,53003,WA,Asotin
162,1542,80,1112,53005,WA,Benton
156,1910,149,2030,53007,WA,Chelan
176,3420,187,5129,53009,WA,Clallam
168,3195,116,3319,53011,WA,Clark
85,51,25,408,53013,WA,Columbia
154,673,62,1606,53015,WA,Cowlitz
157,707,120,996,53017,WA,Douglas
83,122,70,353,53019,WA,Ferry
138,404,66,878,53021,WA,Franklin
56,18,23,261,53023,WA,Garfield
159,805,207,1824,53025,WA,Grant
183,1244,111,3705,53027,WA,Grays Harbor
165,2078,113,2779,53029,WA,Island
165,2557,122,3807,53031,WA,Jefferson
193,20080,697,10833,53033,WA,King
161,3481,141,2972,53035,WA,Kitsap
161,1171,179,2284,53037,WA,Kittitas
153,650,131,1342,53039,WA,Klickitat
139,769,121,1519,53041,WA,Lewis
136,406,97,897,53043,WA,Lincoln
144,1389,85,1340,53045,WA,Mason
167,1835,237,1764,53047,WA,Okanogan
172,849,86,2341,53049,WA,Pacific
95,148,45,447,53051,WA,Pend Oreille
175,4721,303,4622,53053,WA,Pierce
142,1253,124,2015,53055,WA,San Juan
178,4147,301,3821,53057,WA,Skagit
122,286,84,1396,53059,WA,Skamania
182,5722,247,4164,53061,WA,Snohomish
146,2376,132,2065,53063,WA,Spokane
115,340,76,520,53065,WA,Stevens
166,3332,156,4213,53067,WA,Thurston
141,358,22,487,53069,WA,Wahkiakum
179,1504,63,1184,53071,WA,Walla Walla
169,3123,279,3108,53073,WA,Whatcom
130,724,96,753,53075,WA,Whitman
173,1192,211,1950,53077,WA,Yakima
79,51,7,157,54001,WV,Barbour
96,336,12,829,54003,WV,Berkeley
12,4,3,24,54005,WV,Boone
53,25,9,251,54007,WV,Braxton
61,97,5,122,54009,WV,Brooke
101,113,11,427,54011,WV,Cabell
17,7,1,25,54013,WV,Calhoun
1,1,-999,53,54015,WV,Clay
54,25,2,48,54017,WV,Doddridge
75,103,42,812,54019,WV,Fayette
57,18,3,61,54021,WV,Gilmer
109,113,16,309,54023,WV,Grant
92,124,22,399,54025,WV,Greenbrier
68,64,13,263,54027,WV,Hampshire
43,28,3,109,54029,WV,Hancock
103,185,26,330,54031,WV,Hardy
85,204,7,317,54033,WV,Harrison
68,85,7,201,54035,WV,Jackson
110,832,38,1322,54037,WV,Jefferson
105,434,18,696,54039,WV,Kanawha
62,16,10,281,54041,WV,Lewis
35,11,-999,28,54043,WV,Lincoln
0,0,2,44,54045,WV,Logan
30,20,1,24,54047,WV,McDowell
94,325,7,309,54049,WV,Marion
45,75,7,87,54051,WV,Marshall
105,125,13,269,54053,WV,Mason
86,162,28,360,54055,WV,Mercer
104,119,11,189,54057,WV,Mineral
23,4,1,31,54059,WV,Mingo
116,948,71,1021,54061,WV,Monongalia
88,63,3,174,54063,WV,Monroe
72,101,6,348,54065,WV,Morgan
51,20,10,249,54067,WV,Nicholas
84,79,7,431,54069,WV,Ohio
82,76,22,557,54071,WV,Pendleton
77,134,6,114,54073,WV,Pleasants
97,212,42,676,54075,WV,Pocahontas
108,438,48,671,54077,WV,Preston
87,77,8,271,54079,WV,Putnam
80,252,23,518,54081,WV,Raleigh
113,248,30,426,54083,WV,Randolph
59,118,7,134,54085,WV,Ritchie
28,4,2,76,54087,WV,Roane
92,202,12,296,54089,WV,Summers
76,50,8,133,54091,WV,Taylor
98,243,61,844,54093,WV,Tucker
44,25,6,41,54095,WV,Tyler
65,27,2,108,54097,WV,Upshur
73,24,8,183,54099,WV,Wayne
16,2,3,53,54101,WV,Webster
74,33,5,77,54103,WV,Wetzel
0,0,3,17,54105,WV,Wirt
118,393,24,446,54107,WV,Wood
5,1,5,38,54109,WV,Wyoming
99,255,42,770,55001,WI,Adams
92,418,58,1051,55003,WI,Ashland
87,262,20,595,55005,WI,Barron
102,542,78,1291,55007,WI,Bayfield
130,1368,51,1419,55009,WI,Brown
92,90,17,580,55011,WI,Buffalo
99,356,33,1260,55013,WI,Burnett
121,625,20,586,55015,WI,Calumet
96,381,22,654,55017,WI,Chippewa
63,45,10,349,55019,WI,Clark
127,920,56,1650,55021,WI,Columbia
86,110,19,594,55023,WI,Crawford
146,10325,298,4686,55025,WI,Dane
132,1138,46,2535,55027,WI,Dodge
123,940,132,1343,55029,WI,Door
94,991,62,2123,55031,WI,Douglas
117,301,25,571,55033,WI,Dunn
100,292,22,875,55035,WI,Eau Claire
72,642,20,284,55037,WI,Florence
128,1191,59,1444,55039,WI,Fond du Lac
69,259,25,499,55041,WI,Forest
104,668,49,1235,55043,WI,Grant
99,106,12,526,55045,WI,Green
117,545,39,524,55047,WI,Green Lake
116,619,32,1093,55049,WI,Iowa
69,237,16,457,55051,WI,Iron
45,38,19,667,55053,WI,Jackson
128,1459,101,1057,55055,WI,Jefferson
91,226,28,1489,55057,WI,Juneau
119,416,58,1128,55059,WI,Kenosha
117,315,11,457,55061,WI,Kewaunee
109,571,45,969,55063,WI,La Crosse
82,52,8,435,55065,WI,Lafayette
66,140,9,300,55067,WI,Langlade
95,279,18,471,55069,WI,Lincoln
129,960,59,1030,55071,WI,Manitowoc
119,1420,66,1041,55073,WI,Marathon
100,516,27,571,55075,WI,Marinette
70,94,18,618,55077,WI,Marquette
27,14,1,100,55078,WI,Menominee
146,4359,245,2852,55079,WI,Milwaukee
98,121,9,715,55081,WI,Monroe
109,452,25,609,55083,WI,Oconto
88,552,50,945,55085,WI,Oneida
123,1056,32,991,55087,WI,Outagamie
135,1865,83,1396,55089,WI,Ozaukee
55,37,12,267,55091,WI,Pepin
78,133,16,592,55093,WI,Pierce
89,778,25,670,55095,WI,Polk
126,2067,78,1439,55097,WI,Portage
55,107,15,366,55099,WI,Price
132,630,96,988,55101,WI,Racine
87,244,9,342,55103,WI,Richland
130,858,69,1162,55105,WI,Rock
76,90,14,203,55107,WI,Rusk
95,324,32,885,55109,WI,St. Croix
132,1308,69,2008,55111,WI,Sauk
74,245,18,523,55113,WI,Sawyer
89,122,6,427,55115,WI,Shawano
140,1040,79,1249,55117,WI,Sheboygan
59,118,6,238,55119,WI,Taylor
101,311,25,914,55121,WI,Trempealeau
105,599,29,612,55123,WI,Vernon
81,442,43,943,55125,WI,Vilas
117,469,83,1038,55127,WI,Walworth
61,62,19,655,55129,WI,Washburn
108,651,47,746,55131,WI,Washington
133,2368,133,1811,55133,WI,Waukesha
81,201,17,511,55135,WI,Waupaca
73,94,14,519,55137,WI,Waushara
113,957,58,1144,55139,WI,Winnebago
83,200,14,635,55141,WI,Wood
108,653,76,1847,56001,WY,Albany
56,45,27,485,56003,WY,Big Horn
52,35,5,406,56005,WY,Campbell
82,198,56,1107,56007,WY,Carbon
56,80,14,402,56009,WY,Converse
63,72,22,1302,56011,WY,Crook
128,1381,58,1037,56013,WY,Fremont
96,211,11,375,56015,WY,Goshen
56,49,5,275,56017,WY,Hot Springs
77,207,32,633,56019,WY,Johnson
102,776,25,1354,56021,WY,Laramie
72,131,21,816,56023,WY,Lincoln
95,178,35,767,56025,WY,Natrona
12,2,3,292,56027,WY,Niobrara
98,396,164,4326,56029,WY,Park
66,29,15,500,56031,WY,Platte
74,287,32,688,56033,WY,Sheridan
73,189,30,621,56035,WY,Sublette
66,117,42,1104,56037,WY,Sweetwater
94,509,208,6009,56039,WY,Teton
57,43,15,616,56041,WY,Uinta
62,224,18,228,56043,WY,Washakie
68,56,10,363,56045,WY,Weston
